review_id,cpsc_recall_number,cpsc_recall_date,cpsc_product_name,amazon_parent_asin,amazon_title,amazon_brand,amazon_manufacturer,amazon_model,amazon_upc,amazon_category,blocking_sources,exact_upc,shared_product_token_count,product_token_jaccard,similarity_band,model_band,brand_relation,candidate_bucket_size,review_label,reviewer_notes
AMZ-ER-0001,20052,2020-01-16,Tango Mini Strollers,B087CPXBS9,"Baby Trend Tango Mini Stroller, Sedona, ST01D10A",Baby Trend,,,,Baby,"[""two_tokens_plus_category_rare_token""]",0,2,0.25,medium,without_model,brand_not_in_cpsc_name,50,,
AMZ-ER-0002,20056,2020-01-14,Thompson's® WaterSeal® Waterproofing Wood Protector and Masonry Protector in Aerosol Cans,B00KQK34N4,Thompson's WaterSeal 5-gal. Clear Waterproofing Wood Protector,Thompsons,Sherwin Williams Company,,,Tools & Home Improvement,"[""two_tokens_plus_category_rare_token""]",0,5,0.5,high,without_model,brand_not_in_cpsc_name,86,,
AMZ-ER-0003,20061,2020-01-29,"Beautyrest Beginnings Incline Sleeper with Adjustable Feeding Position for Newborns; Disney Baby Minnie Mouse Incline Sleeper with Adjustable Feeding Position for Newborns; Delta Children Deluxe 3-in-1 Activity Rocker, Feeder and Sleeper; Simmons Kids Beautyrest Deluxe 3-in-1 Activity Rocker, Feeder, and Sleeper; 3-in-1 Activity Rocker, Feeder and Incline Sleeper and others.",B09WXZRVZS,"Delta Children Simmons Kids Dream Bedside Bassinet with Zip-Down Side Wall – Convenient Baby Sleeper with Breathable Mesh and Adjustable Heights - Lightweight Portable Crib, Grey",Delta Children,,,,Baby,"[""two_tokens_plus_category_rare_token""]",0,7,0.194444,low,without_model,brand_in_cpsc_name,1333,,
AMZ-ER-0004,20093,2020-03-18,"Sodium Hydroxide, Lye/Caustic Soda and Potassium Hydroxide, Caustic Potash Ash",B010CEFO22,"Sodium Hydroxide (Lye, Caustic Soda) 99% Min. Purity 2lb",ADDistribution,ADDistribution,,,Health_and_Household,"[""two_tokens_plus_category_rare_token""]",0,5,0.416667,medium,without_model,brand_not_in_cpsc_name,47,,
AMZ-ER-0005,20094,2020-03-18,100% Sodium Hydroxide Drain Cleaner,B08P53K8LX,Sodium Hydroxide (Caustic Soda Beads) Lye 99% Pure (2lbs) - Food Grade Lye Drain Cleaner Opener - HDPE Container w/Resealable Child Resistant Cap…,MAXTITE,MAXTITE,,,Health & Personal Care,"[""two_tokens_plus_category_rare_token""]",0,4,0.190476,low,without_model,brand_not_in_cpsc_name,30,,
AMZ-ER-0006,20095,2020-03-19,Grower's Edge Vaporizers,B005PYOAE8,"Grower's Edge 708027 Headlight, Black",,Sunlight Supply Inc.,,,Amazon Home,"[""two_tokens_plus_category_rare_token""]",0,2,0.4,medium,without_model,brand_missing,8,,
AMZ-ER-0007,20096,2020-03-19,Thule Sleek Car Seat Adapters,B07FRRM8VD,"Thule Sleek Car Seat Adapter, Maxi-Cosi, black, one size",Thule,"Thule, Inc.",,,Sports & Outdoors,"[""two_tokens_plus_category_rare_token""]",0,4,0.4,medium,without_model,brand_in_cpsc_name,174,,
AMZ-ER-0008,20103,2020-04-02,Wireless Power Reclining Furniture,B07G91FMLQ,STAIGO Battery for Power Recliner-Power Supply Reclining Sofa-Lift Chair Recliners-Wireless Battery Pack for Electric Motion Furniture for Okin-Limoss-Berkline-Med[25.2V 2500mAh],STAIGO,STAIGO,,,Computers,"[""two_tokens_plus_category_rare_token""]",0,4,0.190476,low,without_model,brand_not_in_cpsc_name,32,,
AMZ-ER-0009,20103,2020-04-02,Wireless Power Reclining Furniture,B092HFHXNP,STAIGO Battery for Power Recliner-Power Supply Reclining Sofa-Lift Chair Recliners-Wireless Battery Pack for Electric Motion Furniture for Okin-Limoss-Berkline-Med[25.9V 2500mAh],STAIGO,STAIGO,,,All Electronics,"[""two_tokens_plus_category_rare_token""]",0,4,0.190476,low,without_model,brand_not_in_cpsc_name,32,,
AMZ-ER-0010,20104,2020-04-02,VP Harrier and Giant Pinner DH bicycle pedals,B079QMZFCN,"Alta VP-565 Bicycle Alloy Pedals, Multiple Color & Sizes. (Chrome, 1/2"")",Alta,F & R Cycle Inc.,,,Sports & Outdoors,"[""two_tokens_plus_category_rare_token""]",0,3,0.214286,medium,without_model,brand_not_in_cpsc_name,105,,
AMZ-ER-0011,20111,2020-04-16,Wyndmere Birch Sweet Essential Oil and Aches and Pains Synergistic Blend,B004XR0DBC,Wyndmere Naturals - Synergistic Blend Aches & Pains - 0.33 oz.,,WYNDMERE NATURALS,,602444010609,All Beauty,"[""exact_upc"", ""two_tokens_plus_category_rare_token""]",1,5,0.416667,medium,without_model,brand_missing,146,,
AMZ-ER-0012,20123,2020-05-14,"Hampton Bay, Patriot Lighting and Paradise light kits with Sterno Home LED power supplies",B079J5D88J,Hampton Bay Solar Black Outdoor Integrated LED 3000K Warm White Landscape Metal Spot Light with Solar Panel,Hampton Bay,,,,Automotive,"[""two_tokens_plus_category_rare_token""]",0,4,0.190476,low,without_model,brand_in_cpsc_name,452,,
AMZ-ER-0013,20123,2020-05-14,"Hampton Bay, Patriot Lighting and Paradise light kits with Sterno Home LED power supplies",B09NJP778N,Patriot Lighting Elegant Home Levon Weathered Gray Faux Wood & Black 3-Light Flush Mount Ceiling Light,Patriot Lighting,Patriot Lighting,,,Tools & Home Improvement,"[""two_tokens_plus_category_rare_token""]",0,4,0.190476,low,without_model,brand_in_cpsc_name,452,,
AMZ-ER-0014,20123,2020-05-14,"Hampton Bay, Patriot Lighting and Paradise light kits with Sterno Home LED power supplies",B09NL77KC6,"Patriot Lighting Contractor Series 12"" Direct Wire Integrated LED Under Cabinet Strip Light",Patriot Lighting,Patriot Docks,,,Tools & Home Improvement,"[""two_tokens_plus_category_rare_token""]",0,4,0.190476,low,without_model,brand_in_cpsc_name,452,,
AMZ-ER-0015,20126,2020-05-27,Sanvall Rapid Alivio Pain Relieving Roll-On,B00SJYR8LS,Perform Pain Relieving Roll-on,Perform,From the makers of BIOFREEZE,,,Sports & Outdoors,"[""two_tokens_plus_category_rare_token""]",0,3,0.428571,medium,without_model,brand_not_in_cpsc_name,36,,
AMZ-ER-0016,20148,2020-07-15,Simplers Botanicals Organic Wintergreen (Gaultheria Fragrantissiam) Essential Oil,B009EVAFZQ,Simplers Botanicals - Lemongrass Organic Essential Oil 15ml,,Simplers Botanicals,,717940000518,All Beauty,"[""two_tokens_plus_category_rare_token""]",0,5,0.5,high,without_model,brand_missing,109,,
AMZ-ER-0017,20160,2020-08-05,X-14® Mildew Stain Remover,B000FGLR10,SCI Mildew Stain Remover Powder,Restoration Center,Restoration Center,,,Tools & Home Improvement,"[""two_tokens_plus_category_rare_token""]",0,3,0.5,high,without_model,brand_not_in_cpsc_name,143,,
AMZ-ER-0018,20160,2020-08-05,X-14® Mildew Stain Remover,B00448FZ9A,1 Gallon X-14 Mildew Remover [Set of 4],X-14,X 14,,,Health & Personal Care,"[""two_tokens_plus_category_rare_token""]",0,3,0.6,high,without_model,brand_in_cpsc_name,143,,
AMZ-ER-0019,20160,2020-08-05,X-14® Mildew Stain Remover,B07V47SPF8,Marine 31 Mildew Stain Remover Gel,Marine 31,Marine 31,Marine 31 Mildew Stain Remover Gel 20 oz,,Health_and_Household,"[""two_tokens_plus_category_rare_token""]",0,3,0.428571,medium,with_model,brand_not_in_cpsc_name,143,,
AMZ-ER-0020,20164,2020-08-12,Thule Sleek strollers,B07FYF5S5J,Thule Sleek Bassinet,Thule,"Thule, Inc.",,,Sports & Outdoors,"[""two_tokens_plus_category_rare_token""]",0,2,0.5,high,without_model,brand_in_cpsc_name,13,,
AMZ-ER-0021,20164,2020-08-12,Thule Sleek strollers,B08VX4FGCL,Thule Sleek City Stroller,Thule,"Thule, Inc.",,,Sports & Outdoors,"[""two_tokens_plus_category_rare_token""]",0,2,0.4,medium,without_model,brand_in_cpsc_name,13,,
AMZ-ER-0022,20165,2020-08-12,"Sweet Protection brand Ripper Jr., Ripper MIPS Jr., and Ripper MIPS bicycle helmets",B07VHTRH8V,"Sweet Protection Switcher MIPS Helmet Dirt Black, S/M",Sweet Protection,Sweet Protection,,,Sports & Outdoors,"[""two_tokens_plus_category_rare_token""]",0,3,0.272727,medium,without_model,brand_in_cpsc_name,44,,
AMZ-ER-0023,20168,2020-08-19,Super Soaker XP 20 and Super Soaker XP 30,B0009VCV8E,Hasbro Super Soaker XP 70,,Hasbro,,,Toys & Games,"[""two_tokens_plus_category_rare_token""]",0,3,0.428571,medium,without_model,brand_missing,43,,
AMZ-ER-0024,20168,2020-08-19,Super Soaker XP 20 and Super Soaker XP 30,B001A36LNQ,Super Soaker XP 220 Twin Pack,,Hasbro,,,Toys & Games,"[""two_tokens_plus_category_rare_token""]",0,3,0.428571,medium,without_model,brand_missing,43,,
AMZ-ER-0025,20183,2020-09-16,Industrial Three-Panel Mirrors,B07Z4RQJNC,E-outstanding US Socket 5PCS 2 Pins 15A/125V AC Panel Mount Power Outlet Industrial Plug Power Receptacle Black,,E-outstanding,,,Industrial & Scientific,"[""two_tokens_plus_category_rare_token""]",0,2,0.117647,low,without_model,brand_missing,1,,
AMZ-ER-0026,20190,2020-09-23,"Sirrus, Sirrus X and Sirrus Sport Bicycles with alloy cranks",B09NYQM2NV,RaceFace Crank Boots Alloy Turquoise for Alloy CRANKS A10068TURQ,RaceFace,RaceFace,Raceface 91-5204t,,Automotive,"[""two_tokens_plus_category_rare_token""]",0,2,0.2,medium,with_model,brand_not_in_cpsc_name,39,,
AMZ-ER-0027,20723,2020-03-19,"Plant Therapy Wintergreen, Organic Wintergreen, Muscle Aid Synergy Blend, Tingly Mint Synergy Blend, and Vein Aid Synergy Blend Oils",B006OR6AZ2,"Plant Therapy Muscle Aid Essential Oil Blend 10 mL (1/3 oz) 100% Pure, Undiluted, Therapeutic Grade",Plant Therapy,Plant Therapy Inc,,610256944296,All Beauty,"[""exact_upc""]",1,5,0.227273,medium,without_model,brand_in_cpsc_name,108,,
AMZ-ER-0028,20723,2020-03-19,"Plant Therapy Wintergreen, Organic Wintergreen, Muscle Aid Synergy Blend, Tingly Mint Synergy Blend, and Vein Aid Synergy Blend Oils",B00P1RPB1U,"Plant Therapy Muscle Aid Synergy Essential Oil 30 mL (1 oz) 100% Pure, Undiluted, Therapeutic Grade",Plant Therapy,Plant Therapy Inc,,680912022699,All Beauty,"[""exact_upc""]",1,5,0.227273,medium,without_model,brand_in_cpsc_name,108,,
AMZ-ER-0029,20723,2020-03-19,"Plant Therapy Wintergreen, Organic Wintergreen, Muscle Aid Synergy Blend, Tingly Mint Synergy Blend, and Vein Aid Synergy Blend Oils",B00P2S6PBS,"Plant Therapy Wintergreen Essential Oil 100 mL (3.3 oz) 100% Pure Undiluted, Therapeutic Grade",Plant Therapy,Plant Therapy Inc,,680912011082,All Beauty,"[""exact_upc""]",1,3,0.142857,low,without_model,brand_in_cpsc_name,108,,
AMZ-ER-0030,20735,2020-04-16,Model Year 2019 Polaris PRO XD and model year 2020 Ranger Utility vehicles (UTVs),B07N7P3Y7X,UTILITY BOX - FITS POLARIS RANGER,Quadboss,Quadboss,Quadboss QB-UTV-59PR-MB,,Automotive,"[""two_tokens_plus_category_rare_token""]",0,3,0.25,medium,with_model,brand_not_in_cpsc_name,128,,
AMZ-ER-0031,20756,2020-07-02,Edens Garden 100% Pure Wintergreen and Birch Essential Oil,B071WQ3NYR,"Kandala Joint Comfort, Stress Relief, Essential Oil Blend - 30 ml - Pain, Swelling & Stiffness. with Lavandin, Birch, Rosemary, Pine Needle, Frankincense, 100% Pure Therapeutic Grade",Kandala,Kandala,,,Health & Personal Care,"[""two_tokens_plus_category_rare_token""]",0,5,0.192308,low,without_model,brand_not_in_cpsc_name,157,,
AMZ-ER-0032,20764,2020-07-16,Model Year 2015-2020 AXYS Trail Performance and Crossover snowmobiles,B00SHU60RC,"DB Electrical 240-54033 Starter Relay Compatible With/Replacement For Polaris ATV Magnum Scrambler Sportsman Trail Blazer Trail Boss Xplorer Xpress, Snowmobiles 500 550 600, UTV Big Boss 250 300",DB Electrical,DB Electrical,240-54033,,Automotive,"[""two_tokens_plus_category_rare_token""]",0,2,0.0625,low,with_model,brand_not_in_cpsc_name,37,,
AMZ-ER-0033,20773,2020-08-27,Birch Sweet Essential Oil 100% Pure,B006FXWH1Q,Mystic Moments | Birch Tar Essential Oil - 10ml - 100% Pure,,,,,Health & Personal Care,"[""two_tokens_plus_category_rare_token""]",0,5,0.5,high,without_model,brand_missing,153,,
AMZ-ER-0034,20773,2020-08-27,Birch Sweet Essential Oil 100% Pure,B08JNKB75L,Birch Tar Essential Oil (Betula Alba) 100% Pure and Natural 5 ML,Silky Scents,Silky Scents,,,All Beauty,"[""two_tokens_plus_category_rare_token""]",0,5,0.454545,medium,without_model,brand_not_in_cpsc_name,153,,
AMZ-ER-0035,20774,2020-09-03,Hi-Lift Storage Hoist Classic and Pro models sold with green polypropylene straps,B085RHFNP6,"StoreYourBoard 2 Pack Paddleboard Ceiling Storage Hoist, Hi-Lift Overhead Rack, Adjustable Pulley System, Home and Garage Hanger, Easy Lifting SUP Accessory (Classic)",,,,,Sports & Outdoors,"[""two_tokens_plus_category_rare_token""]",0,5,0.192308,low,without_model,brand_missing,195,,
AMZ-ER-0036,20778,2020-09-10,Organic Aromas Wintergreen Essential Oil,B077PPPSBC,Signature Essential Oil Blend by Organic Aromas (50ml),Organic Aromas,Organic Aromas,,,Health & Personal Care,"[""two_tokens_plus_category_rare_token""]",0,4,0.5,high,without_model,brand_in_cpsc_name,105,,
AMZ-ER-0037,21010,2020-10-21,"MorfBoard Skate & Scoot Combo scooters with ""Y"" handlebars",B07FG835BC,"Morfboard Skate & Scoot Combo Set, Chartreuse/Black Color",,,,,Sports & Outdoors,"[""two_tokens_plus_category_rare_token""]",0,4,0.5,high,without_model,brand_missing,21,,
AMZ-ER-0038,21010,2020-10-21,"MorfBoard Skate & Scoot Combo scooters with ""Y"" handlebars",B09H3KK419,"Morfboard Skate & Scoot Combo Set, Cyan",Morfboard,Morf,,,Sports_and_Outdoors,"[""two_tokens_plus_category_rare_token""]",0,4,0.571429,high,without_model,brand_in_cpsc_name,21,,
AMZ-ER-0039,21021,2020-11-04,"Cat & Jack ""Himani"" and ""Jaren"" Toddler Boots",B00HT1QQUQ,Fashionwu Cute Baby Toddler Boys Girls Warm fur Winter Snow Shoes Boots 6-22 Months,,Fashionwu,,,AMAZON FASHION,"[""two_tokens_plus_category_rare_token""]",0,2,0.111111,low,without_model,brand_missing,28,,
AMZ-ER-0040,21034,2020-11-25,Wine Barrel Chandeliers,B07X5SLLVS,"JCBIZ 50pcs Brass Cylindrical Barrel Concealed Hinge for Gift Boxes, Decorative Boxes, Wooden Boxes, Wine Boxes",JCBIZ,JCBIZ,,,Tools & Home Improvement,"[""two_tokens_plus_category_rare_token""]",0,2,0.153846,low,without_model,brand_not_in_cpsc_name,3,,
AMZ-ER-0041,21039,2020-12-02,Sure Scents 2-1 Peaceful Stream/Moonlit Waves Candles,B08L5NJQK6,Sure Scents Laveder Refill Spray 4.5 oz,Sure Scents,Greenbrier International Inc,,,Health & Personal Care,"[""two_tokens_plus_category_rare_token""]",0,2,0.181818,low,without_model,brand_in_cpsc_name,43,,
AMZ-ER-0042,21042,2020-12-09,Delta UV EA-4H-10 ultra-violet generators installed in swimming pools and swim spas,B00LLIGIZQ,LSE Lighting Compatible UV Bulb 70-18440 for Delta E-40 EA-3H-40 EA-4H-40,,,,,Tools & Home Improvement,"[""two_tokens_plus_category_rare_token""]",0,4,0.190476,low,without_model,brand_missing,489,,
AMZ-ER-0043,21060,2021-01-06,Rust-Oleum Professional Bright Galvanizing Compound Spray,B0070S7NJQ,Rust-Oleum Automotive 257355 Blackout Chrome Kit,Rust-Oleum,Rust-Oleum,257355,,Automotive,"[""two_tokens_plus_category_rare_token""]",0,2,0.166667,low,with_model,brand_in_cpsc_name,155,,
AMZ-ER-0044,21060,2021-01-06,Rust-Oleum Professional Bright Galvanizing Compound Spray,B00NXU9X5M,Rust-Oleum 272001 Chevy Orange Ceramic Engine Enamel Spray Paint - 12 oz.,Rust-Oleum,Rust-Oleum,272001,,Automotive,"[""two_tokens_plus_category_rare_token""]",0,3,0.1875,low,with_model,brand_in_cpsc_name,155,,
AMZ-ER-0045,21068,2021-01-13,Sea to Summit Alpha and Sigma camping pots,B0029Z8HMM,"Sea to Summit Alpha Light Utensil, Spork",Sea to Summit,340,,,Sports & Outdoors,"[""two_tokens_plus_category_rare_token""]",0,3,0.333333,medium,without_model,brand_in_cpsc_name,46,,
AMZ-ER-0046,21074,2021-02-03,DeWALT® cordless kerosene forced-air heaters,B00EZVLANQ,DeWalt DXH190HD Forced Air Kerosene Heater,DEWALT,DeWALT,,,Amazon Home,"[""two_tokens_plus_category_rare_token""]",0,4,0.5,high,without_model,brand_in_cpsc_name,281,,
AMZ-ER-0047,21074,2021-02-03,DeWALT® cordless kerosene forced-air heaters,B017GZBCRG,DeWalt DXH190HD Forced Air Kerosene Heater,DEWALT,DeWALT,,,Amazon Home,"[""two_tokens_plus_category_rare_token""]",0,4,0.5,high,without_model,brand_in_cpsc_name,281,,
AMZ-ER-0048,21075,2021-02-10,Bowflex SelectTech™ 2080 Barbells with Curl Bar,B000BH7CAI,Bowflex SelectTech 552 / 1090 Dumbbell Stand (Discontinued),Bowflex,Bowflex,,,Sports & Outdoors,"[""two_tokens_plus_category_rare_token""]",0,2,0.181818,low,without_model,brand_in_cpsc_name,44,,
AMZ-ER-0049,21075,2021-02-10,Bowflex SelectTech™ 2080 Barbells with Curl Bar,B000QCK9SA,Bowflex SelectTech 552 / 1090 Dumbbell Stand (Discontinued),Bowflex,Bowflex,,,Sports & Outdoors,"[""two_tokens_plus_category_rare_token""]",0,2,0.181818,low,without_model,brand_in_cpsc_name,44,,
AMZ-ER-0050,21075,2021-02-10,Bowflex SelectTech™ 2080 Barbells with Curl Bar,B087YHZR3G,"Bowflex SelectTech ST2080 Curl Bar Stand, Black",Bowflex,Bowflex,,,Sports & Outdoors,"[""two_tokens_plus_category_rare_token""]",0,4,0.5,high,without_model,brand_in_cpsc_name,44,,
AMZ-ER-0051,21075,2021-02-10,Bowflex SelectTech™ 2080 Barbells with Curl Bar,B094X73NLJ,Bowflex SelectTech Curl Bar,Bowflex,"Nautilus, Inc.",,,Sports & Outdoors,"[""two_tokens_plus_category_rare_token""]",0,4,0.666667,high,without_model,brand_in_cpsc_name,44,,
AMZ-ER-0052,21134,2021-05-12,Wild Republic Slap Watches,B004TQ32WY,"Purple Panda Keychain 4"" by Wild Republic",Wild Republic,,,,Automotive,"[""two_tokens_plus_category_rare_token""]",0,2,0.285714,medium,without_model,brand_in_cpsc_name,4,,
AMZ-ER-0053,21134,2021-05-12,Wild Republic Slap Watches,B07NQNZS91,"Wild Republic - Sassy Scents - Peach Scented Fennec Fox - 5""",WILD REPUBLIC,,,,Automotive,"[""two_tokens_plus_category_rare_token""]",0,2,0.2,medium,without_model,brand_in_cpsc_name,4,,
AMZ-ER-0054,21134,2021-05-12,Wild Republic Slap Watches,B08H5X14TJ,"Wild Republic Wild Smiles Face Mask, Reusable Face Mask, Washable Face Mask, Half Face Mask",WILD REPUBLIC,Wild Republic,,,AMAZON FASHION,"[""two_tokens_plus_category_rare_token""]",0,2,0.2,medium,without_model,brand_in_cpsc_name,4,,
AMZ-ER-0055,21142,2021-05-26,Bontrager Satellite City Bicycle Pedals,B00AQQA1A2,Satellite City P-10 Pipettes for Hot Stuff CA glue,Satellite City,Satellite City,,,Tools & Home Improvement,"[""two_tokens_plus_category_rare_token""]",0,2,0.181818,low,without_model,brand_in_cpsc_name,50,,
AMZ-ER-0056,21149,2021-06-09,CamelBak Podium and Peak Fitness water bottles,B005YTY2H4,Camelbak Podium Bottle,CamelBak,,,,Sports & Outdoors,"[""two_tokens_plus_category_rare_token""]",0,2,0.285714,medium,without_model,brand_in_cpsc_name,153,,
AMZ-ER-0057,21150,2021-06-09,Klein Tools Non-Contact Voltage Tester Model NCVT-1,B01N5KLBBR,Hard EVA Travel Case for Klein Tools NCVT-1 / NCVT-2 Dual Range Non-Contact Voltage Tester by Hermitshell,,Hermitshell,,,Industrial & Scientific,"[""two_tokens_plus_category_rare_token""]",0,7,0.5,high,without_model,brand_missing,187,,
AMZ-ER-0058,21150,2021-06-09,Klein Tools Non-Contact Voltage Tester Model NCVT-1,B07G566DGH,"Aproca Hard Carrying Travel Case Bag, for Klein Tools NCVT-4IR / NCVT3P Non-Contact Voltage Tester",Aproca,Aproca,,,Industrial & Scientific,"[""two_tokens_plus_category_rare_token""]",0,7,0.466667,medium,without_model,brand_not_in_cpsc_name,187,,
AMZ-ER-0059,21150,2021-06-09,Klein Tools Non-Contact Voltage Tester Model NCVT-1,B07VBJXZSQ,Khanka Hard Case replacement for Klein Tools NCVT-3 Non-Contact Voltage Tester,,khanka,,,Tools & Home Improvement,"[""two_tokens_plus_category_rare_token""]",0,7,0.636364,high,without_model,brand_missing,187,,
AMZ-ER-0060,21150,2021-06-09,Klein Tools Non-Contact Voltage Tester Model NCVT-1,B08KMBJP67,"Klein Tools NCVT-2 Voltage Tester, Non-Contact Dual Range Voltage Tester Pen for Standard and Low Voltage, with 3 m Drop Protection",Klein Tools,Klein,,,Tools_and_Home_Improvement,"[""two_tokens_plus_category_rare_token""]",0,7,0.5,high,without_model,brand_in_cpsc_name,187,,
AMZ-ER-0061,21168,2021-07-21,"One Stop Gardens 15,000 and 30,000 BTU Tank Top Propane Heaters",B01MYMSMEG,"ASA Electronics ACM150B 15,000 BTU Roof Top AC, Black",ASA Electronics,ASA Electronics,ACM150B,,Automotive,"[""two_tokens_plus_category_rare_token""]",0,4,0.25,medium,with_model,brand_not_in_cpsc_name,543,,
AMZ-ER-0062,21182,2021-08-18,B-Air VP-33 Blower Fans,B005TEGPPG,Eyelash Extension Blue Air Blower Medical Grade Rubber,,iLash Store,,,Health & Personal Care,"[""two_tokens_plus_category_rare_token""]",0,2,0.181818,low,without_model,brand_missing,50,,
AMZ-ER-0063,21203,2021-09-29,Venom Youth All-Terrain Vehicles (ATVs),B00JDQA1OW,Wilton WIL10300 Mounting Bracket (for All Terrain Vise),Wilton,Wilton,10300,,Automotive,"[""two_tokens_plus_category_rare_token""]",0,2,0.181818,low,with_model,brand_not_in_cpsc_name,357,,
AMZ-ER-0064,21706,2020-10-29,Nash Convertible Cribs,B07RCDVL81,"USCarcover Lightweight Car Cover for Nash Metropolitan 1956 Convertible 2-Door, Water Resistant Full Coverage",USCarCover,CSC SPORTS,Nash Metropolitan,,Automotive,"[""two_tokens_plus_category_rare_token""]",0,2,0.142857,low,with_model,brand_not_in_cpsc_name,1,,
AMZ-ER-0065,21709,2020-11-19,"Model Years 2020-2021 RZR PRO XP, PRO XP4 and Model Year 2021 RZR Turbo S, Turbo S4, XP Turbo and XP 4 Turbo ROV",B08B27NK8N,"Pro Armor P199Y333RD 2020 RZR PRO XP Cooler Bag, Black and Red",Pro Armor,PRO ARMOR,P199Y333RD,,Automotive,"[""two_tokens_plus_category_rare_token""]",0,4,0.25,medium,with_model,brand_not_in_cpsc_name,141,,
AMZ-ER-0066,21709,2020-11-19,"Model Years 2020-2021 RZR PRO XP, PRO XP4 and Model Year 2021 RZR Turbo S, Turbo S4, XP Turbo and XP 4 Turbo ROV",B09N7CQ6XW,"HAKA TOUGH RZR PRO XP Speaker Pod Enclosures, 6.5"" Rear Speaker Mount Cage Panels with Metal Mount Brackets for 2020 2021 Polaris RZR PRO XP XP4 Accessories, 2PCS",HAKA TOUGH,HAKA TOUGH,HKSPRZR4U,,Automotive,"[""two_tokens_plus_category_rare_token""]",0,6,0.24,medium,with_model,brand_not_in_cpsc_name,141,,
AMZ-ER-0067,21709,2020-11-19,"Model Years 2020-2021 RZR PRO XP, PRO XP4 and Model Year 2021 RZR Turbo S, Turbo S4, XP Turbo and XP 4 Turbo ROV",B0BWYCB7BR,"KATIMOTO Sport Rear Speaker Enclosures for Polaris RZR PRO XP 2020-2023, Rear Seat Speaker Pod Brackets with Metal Mount Brackets for Polaris RZR PRO XP XP4 LE 2020-2023 Accessories (2PCS)",KATIMOTO,KATIMOTO,,,All Electronics,"[""two_tokens_plus_category_rare_token""]",0,5,0.192308,low,without_model,brand_not_in_cpsc_name,141,,
AMZ-ER-0068,21727,2021-03-11,KTM SX-E 5 and Husqvarna EE-5 Motorcycles,B06WW1KLMY,"CruzTOOLS RTKT1 RoadTech KT1 Tool Kit for KTM and Husqvarna Motorcycles , black",CruzTOOLS,CruzTOOLS,CruzTOOLS RTKT1,,Automotive,"[""two_tokens_plus_category_rare_token""]",0,3,0.272727,medium,with_model,brand_not_in_cpsc_name,21,,
AMZ-ER-0069,21733,2021-03-25,"KTM, Husqvarna and GASGAS closed course competition motorcycles",B016C0B91K,Nihilo Concepts 65 Heavy Duty Power Valve Blade for KTM / Husqvarna / GasGas 65 (2009-2024),Nihilo Concepts,Nihilo Concepts,NPVB65,,Automotive,"[""two_tokens_plus_category_rare_token""]",0,3,0.176471,low,with_model,brand_not_in_cpsc_name,35,,
AMZ-ER-0070,21733,2021-03-25,"KTM, Husqvarna and GASGAS closed course competition motorcycles",B06WW1KLMY,"CruzTOOLS RTKT1 RoadTech KT1 Tool Kit for KTM and Husqvarna Motorcycles , black",CruzTOOLS,CruzTOOLS,CruzTOOLS RTKT1,,Automotive,"[""two_tokens_plus_category_rare_token""]",0,3,0.230769,medium,with_model,brand_not_in_cpsc_name,35,,
AMZ-ER-0071,21733,2021-03-25,"KTM, Husqvarna and GASGAS closed course competition motorcycles",B09BZTSBRQ,Optimized Enduro Rear Rotor Guard with Caliper Carrier for KTM/Husqvarna/GasGas (Black),Optimized Enduro,Optimized Enduro,OERDG2025-BLK,,Automotive,"[""two_tokens_plus_category_rare_token""]",0,3,0.214286,medium,with_model,brand_not_in_cpsc_name,35,,
AMZ-ER-0072,21733,2021-03-25,"KTM, Husqvarna and GASGAS closed course competition motorcycles",B0B8TDNX11,KTM New 2021 GASGAS Replica Team Zip Hoodie (X-Large),KTM,KTM,Gasgas Replica Team,,Automotive,"[""two_tokens_plus_category_rare_token""]",0,2,0.153846,low,with_model,brand_in_cpsc_name,35,,
AMZ-ER-0073,21741,2021-04-29,CRF450R Off-Road Motorcycles,B07K7XQV6S,"Top Glides 8"" Off-Road Walker Wheel Kits with Free Flexfit Universal Ski Glides (Blue)",Top Glides,Top Glides,,,Health & Personal Care,"[""two_tokens_plus_category_rare_token""]",0,2,0.142857,low,without_model,brand_not_in_cpsc_name,20,,
AMZ-ER-0074,21748,2021-05-20,John Deere XUV590 and XUV590 S4 Gator™ utility vehicles,B00IKUAH32,John Deere M170281 Air Filter Gator RSX850 RSX860 XUV550 XUV560 XUV590 Utility Vehicles,John Deere,John Deere,,,Automotive,"[""two_tokens_plus_category_rare_token""]",0,6,0.428571,medium,without_model,brand_in_cpsc_name,256,,
AMZ-ER-0075,21757,2021-06-24,Girls' Nightgowns,B08DY2N5G1,"Matching American Girls&Dolls Nightgowns Flamingo Sleepwear Pajamas 18"" Doll Dress,Size 6 7",,,,,AMAZON FASHION,"[""two_tokens_plus_category_rare_token""]",0,2,0.166667,low,without_model,brand_missing,5,,
AMZ-ER-0076,21758,2021-07-01,Deep Frame Mirrors,B07K5B3JNR,"Soft Bear Frame Baby Car Mirror, Rear Facing Mirrors, Backseat Baby Mirror, Rear View Car Mirror, Shatterproof",Fityle,,,,Automotive,"[""two_tokens_plus_category_rare_token""]",0,2,0.153846,low,without_model,brand_not_in_cpsc_name,4,,
AMZ-ER-0077,21767,2021-07-22,Model Years 2020 and 2021 Can-AM Defender HD10 side-by-side vehicles,B079S5PQSM,Can-Am 2016-2018 Defender Hd10 Traxter Max Spark Plug Cable 790 Mm Rear 420665333 New Oem,Can-Am,BRP,,,Automotive,"[""two_tokens_plus_category_rare_token""]",0,4,0.190476,low,without_model,brand_in_cpsc_name,259,,
AMZ-ER-0078,21767,2021-07-22,Model Years 2020 and 2021 Can-AM Defender HD10 side-by-side vehicles,B07CYY8FDB,Full Set 8PR Radial ATV Tires 27x9R14 & 27x11R14 fit for 16-17 Can-Am Defender HD8/HD10 XT,WANDA,Wanda,LB601,,Automotive,"[""two_tokens_plus_category_rare_token""]",0,4,0.190476,low,with_model,brand_not_in_cpsc_name,259,,
AMZ-ER-0079,21767,2021-07-22,Model Years 2020 and 2021 Can-AM Defender HD10 side-by-side vehicles,B091DY76YG,"Cargo Bed Rails for Defender, SAUTVS Heavy Duty Combined Cargo Box Side Rails Kit for Can-Am Defender HD5 / HD8 / HD10 / MAX 2016-2023 Accessories (Replace #715003444)",SAUTVS,YJLAMP,,,Automotive,"[""two_tokens_plus_category_rare_token""]",0,5,0.192308,low,without_model,brand_not_in_cpsc_name,259,,
AMZ-ER-0080,21767,2021-07-22,Model Years 2020 and 2021 Can-AM Defender HD10 side-by-side vehicles,B0B4JGGN49,"Defender Sport Hard Roof Top, A & UTV PRO Heavy Duty Combination Hard Roof Top Sun Visor for Can Am Defender HD8 HD10 2016 2017 2018 2019 2020 2021 2022 2023 Accessories, Replace # OEM 715002430",A & UTV PRO,A & UTV PRO,UDRFCAND1U,,Automotive,"[""two_tokens_plus_category_rare_token""]",0,6,0.193548,low,with_model,brand_not_in_cpsc_name,259,,
AMZ-ER-0081,21767,2021-07-22,Model Years 2020 and 2021 Can-AM Defender HD10 side-by-side vehicles,B0BH9HX551,For Can Am Defender HD8 HD10 belt removal clutch tool Replace 708200686-529000072,E-cowlboy,E-cowlboy,708200686-529000072 belt removal clutch tool,,Automotive,"[""two_tokens_plus_category_rare_token""]",0,4,0.235294,medium,with_model,brand_not_in_cpsc_name,259,,
AMZ-ER-0082,21776,2021-08-19,John Deere compact utility tractors,B0161JHUWE,John Deere Wack Em Tractors,,,,,Toys & Games,"[""two_tokens_plus_category_rare_token""]",0,3,0.428571,medium,without_model,brand_missing,255,,
AMZ-ER-0083,21778,2021-09-02,StepUp Sidekick Learning Towers,B00B48GJWU,Junior Learning JL155 Ten Frame Towers,Junior Learning,Rejects from Studios,,,Toys & Games,"[""two_tokens_plus_category_rare_token""]",0,2,0.25,medium,without_model,brand_not_in_cpsc_name,3,,
AMZ-ER-0084,22007,2021-10-22,Better Homes and Gardens Essential Oil Infused Aromatherapy Room Spray with Gemstones,B07PR7ZBB7,Better Homes and Gardens Jasmine & YlangYlang Essential Oil Infused Wax Cubes - 3-Pack,Generic,,,,Tools & Home Improvement,"[""two_tokens_plus_category_rare_token""]",0,6,0.428571,medium,without_model,brand_not_in_cpsc_name,300,,
AMZ-ER-0085,22007,2021-10-22,Better Homes and Gardens Essential Oil Infused Aromatherapy Room Spray with Gemstones,B084F71YW8,"Better Homes & Gardens Aromatherapy Essential Oil Infused Wax Melts, 2.5 OZ (Lavender)",Better Homes & Gardens,Rimports Inc.,,,Amazon Home,"[""two_tokens_plus_category_rare_token""]",0,7,0.5,high,without_model,brand_not_in_cpsc_name,300,,
AMZ-ER-0086,22007,2021-10-22,Better Homes and Gardens Essential Oil Infused Aromatherapy Room Spray with Gemstones,B084F7L2DD,"Better Homes & Gardens Aromatherapy Essential Oil Infused Wax Melts, 2.5 OZ (Peppermint)",Better Homes,,,,Health & Personal Care,"[""two_tokens_plus_category_rare_token""]",0,7,0.5,high,without_model,brand_in_cpsc_name,300,,
AMZ-ER-0087,22007,2021-10-22,Better Homes and Gardens Essential Oil Infused Aromatherapy Room Spray with Gemstones,B089FS5BN7,Better Homes & Gardens Eucalyptus Aromatherapy Essential Oil Infused Wax Melts 2.5 OZ Package,,,,,Amazon Home,"[""two_tokens_plus_category_rare_token""]",0,7,0.466667,medium,without_model,brand_missing,300,,
AMZ-ER-0088,22007,2021-10-22,Better Homes and Gardens Essential Oil Infused Aromatherapy Room Spray with Gemstones,B08B51ZC8Y,Better Homes & Gardens Aromatherapy Essential Oil Infused Wax Melts - 2.5 OZ - 4 Pack (Eucalyptus),Better Homes &Gardens,Rimports Inc.,,,Amazon Home,"[""two_tokens_plus_category_rare_token""]",0,7,0.5,high,without_model,brand_not_in_cpsc_name,300,,
AMZ-ER-0089,22007,2021-10-22,Better Homes and Gardens Essential Oil Infused Aromatherapy Room Spray with Gemstones,B08BK994ZC,Better Homes & Gardens Aromatherapy Essential Oil Infused Wax Melts - 2.5 OZ - 4 Pack (Jasmine & Ylang Ylang),Better Homes &Gardens,Rimports Inc.,,,Amazon Home,"[""two_tokens_plus_category_rare_token""]",0,7,0.466667,medium,without_model,brand_not_in_cpsc_name,300,,
AMZ-ER-0090,22007,2021-10-22,Better Homes and Gardens Essential Oil Infused Aromatherapy Room Spray with Gemstones,B08BY55WHN,Better Homes & Gardens Aromatherapy Essential Oil Infused Wax Melts - 2.5 OZ - 4 Pack (Lime & Eucalyptus),Better Homes &Gardens,Rimports Inc.,,,Amazon Home,"[""two_tokens_plus_category_rare_token""]",0,7,0.466667,medium,without_model,brand_not_in_cpsc_name,300,,
AMZ-ER-0091,22023,2021-12-01,DEWALT ® Jobsite Pro Wireless Earphones,B09R8PRCDR,DeWalt JOBSITE PRO-X1 True Wireless EARBUS with Charging CASE,DEWALT,Dewalt,,,All Electronics,"[""two_tokens_plus_category_rare_token""]",0,4,0.4,medium,without_model,brand_in_cpsc_name,118,,
AMZ-ER-0092,22029,2021-12-10,Letters to Santa Mailbox,B0819ZK8P7,amscan Letters To Santa Mailbox | 1 Pc. Red,,Amscan,,,Toys & Games,"[""two_tokens_plus_category_rare_token""]",0,3,0.5,high,without_model,brand_missing,20,,
AMZ-ER-0093,22054,2022-01-19,FRIGG Silicone Pacifiers,B0BW7NV27S,"FRIGG Daisy SilkySoft Silicone Baby Pacifier | Made in Denmark | BPA-Free (Blush/Sage, 6-18 Months)",FRIGG,,,,Baby,"[""two_tokens_plus_category_rare_token""]",0,2,0.133333,low,without_model,brand_in_cpsc_name,5,,
AMZ-ER-0094,22059,2022-01-26,"DEWALT DWCS600, 18-inch corded chain saws",B07RWW4B3P,"DeWalt DXTAFL001 Front Floor Liners Fits 14-18 Silverado/Sierra 1500 Crew/Double Cab, 2019 Silverado LD/Sierra Limited 1500 Crew/Double Cab",DEWALT,Husky Liners,Front Floor Liners,,Automotive,"[""two_tokens_plus_category_rare_token""]",0,2,0.095238,low,with_model,brand_in_cpsc_name,38,,
AMZ-ER-0095,22083,2022-02-16,Valco Baby Snap Duo Trend Strollers,B07PTTHB47,"Valco Baby Raincover for Snap Duo Trend, Neo Twin and Duo X Double Strollers",,,,,Baby_Products,"[""two_tokens_plus_category_rare_token""]",0,6,0.6,high,without_model,brand_missing,134,,
AMZ-ER-0096,22083,2022-02-16,Valco Baby Snap Duo Trend Strollers,B07QH322B9,Valco Baby Snap Duo Trend Car Seat Adapter (2019) (Universal),,,,,Baby,"[""two_tokens_plus_category_rare_token""]",0,5,0.454545,medium,without_model,brand_missing,134,,
AMZ-ER-0097,22086,2022-02-23,Festive Lights Hanukkah Menorahs,B0773VY4LW,Festive Hanukkah Lantern String of Lights,,Judaica Mega Mall,,,Tools_and_Home_Improvement,"[""two_tokens_plus_category_rare_token""]",0,3,0.5,high,without_model,brand_missing,31,,
AMZ-ER-0098,22100,2022-03-16,"Sirrus, Sirrus X and Sirrus Sport Bicycles with alloy cranks",B09NYQM2NV,RaceFace Crank Boots Alloy Turquoise for Alloy CRANKS A10068TURQ,RaceFace,RaceFace,Raceface 91-5204t,,Automotive,"[""two_tokens_plus_category_rare_token""]",0,2,0.2,medium,with_model,brand_not_in_cpsc_name,39,,
AMZ-ER-0099,22116,2022-04-14,FAO Schwarz Toy Wood Play Smart Robot Buddy(s) and FAO Schwarz Toy Wood Sensory Boards,B077YD5CZR,"FAO SCHWARZ Toy Kids Magic Set 39Pc, Multiple Color",,MerchSource,,,Toys & Games,"[""two_tokens_plus_category_rare_token""]",0,3,0.2,medium,without_model,brand_missing,297,,
AMZ-ER-0100,22117,2022-04-14,GE-brand Free-Standing French Door Refrigerators in Fingerprint Resistant Stainless Steel,B07S4D65P6,"GE GSS25IYNFS 36"" Side by Side Refrigerator with 25.14 cu. ft. Total Capacity Showcase LED Lighting and Hidden Hinge in Fingerprint Resistant Stainless Steel",,,,,Appliances,"[""two_tokens_plus_category_rare_token""]",0,5,0.192308,low,without_model,brand_missing,410,,
AMZ-ER-0101,22127,2022-04-28,Electric Start Pressure Washers,B00E0BJ84E,TEANDE Pressure Washers Video,TEANDE,TEANDE,,,Camera & Photo,"[""two_tokens_plus_category_rare_token""]",0,2,0.333333,medium,without_model,brand_not_in_cpsc_name,32,,
AMZ-ER-0102,22127,2022-04-28,Electric Start Pressure Washers,B08FR356J2,TEANDE 3500PSI Electric Pressure,,,,,Appliances,"[""two_tokens_plus_category_rare_token""]",0,2,0.333333,medium,without_model,brand_missing,32,,
AMZ-ER-0103,22141,2022-06-02,"6"" Aflac Plush Promotional Ducks",B004E5HQX6,Aflac Duck Large Plush Golf Head Cover,Aflac,,,,Sports & Outdoors,"[""two_tokens_plus_category_rare_token""]",0,2,0.222222,medium,without_model,brand_in_cpsc_name,2,,
AMZ-ER-0104,22169,2022-06-23,Troy-Bilt SpaceSavr Walk-Behind Self-Propelled Lawn Mowers,B08X2W2R4K,"POSEAGLE 105-1845 Traction Control Cable Replaces 105 1845 1051845 for Toro 22"" Recycler Walk-Behind Push Lawn Mowers",,POSEAGLE,,,Amazon Home,"[""two_tokens_plus_category_rare_token""]",0,4,0.190476,low,without_model,brand_missing,389,,
AMZ-ER-0105,22187,2022-07-21,Aqualung i330R SCUBA Diving Computers,B008KO1GDI,"4"" Printed color scuba diver diving shark grey tank sticker decal for any smooth surface such as windows bumpers laptops or any smooth surface.",,Beach Graphic Pros,S2DS0141,,Automotive,"[""two_tokens_plus_category_rare_token""]",0,2,0.095238,low,with_model,brand_missing,413,,
AMZ-ER-0106,22192,2022-07-28,Kidoozie™ Play Tents and Playhouses,B09824MLM1,"Glamrizz Dinosaur Kids Tent - Kids Play Tent with 5 Dinosaur Toys for Kids Girls & Boys - Outdoor Indoor Tent for Kids - Pop up Tents for Kids, Interactive Dinosaur Tent - Kids Tents Indoor Playhouses",GLAMRIZZ,Glamrizz,,,Toys & Games,"[""two_tokens_plus_category_rare_token""]",0,3,0.1875,low,without_model,brand_not_in_cpsc_name,49,,
AMZ-ER-0107,22193,2022-07-28,Evaporator coil drain pans,B06Y3VXLM3,Evaporator Coil,,Turbo Air,,,Industrial & Scientific,"[""two_tokens_plus_category_rare_token""]",0,2,0.5,high,without_model,brand_missing,51,,
AMZ-ER-0108,22201,2022-08-18,ASUS ROG Maximus Z690 Hero Motherboards,B07HS4RL3Z,ASUS Motherboards ROG Maximus XI Hero,ASUS,ASUS Computer International Direct,,,Computers,"[""two_tokens_plus_category_rare_token""]",0,5,0.714286,high,without_model,brand_in_cpsc_name,101,,
AMZ-ER-0109,22207,2022-08-25,Big Game Hunters Mud Kitchens,B088HJ37GP,"Mud Kitchen XL | Big Game Hunters | Outdoor Water, Sand and Mud Play for Kids",Big Game Hunters,Garden Games,,,Toys & Games,"[""two_tokens_plus_category_rare_token""]",0,4,0.333333,medium,without_model,brand_in_cpsc_name,24,,
AMZ-ER-0110,22208,2022-08-25,IKEA METALLISK Espresso Makers,B07BZDJM7V,KeepCup Changes Makers Brew Cork - Espresso 12oz,,KeepCup,,,AMAZON FASHION,"[""two_tokens_plus_category_rare_token""]",0,2,0.222222,medium,without_model,brand_missing,2,,
AMZ-ER-0111,22213,2022-09-01,Sun Joe Cordless Lawn Mowers models 24V-X2-17LM and 24V-X2-17LM-CT,B07KJQ2H6G,Sun Joe 24V-AJC-LTE-BLK 24V 2.0-Ah Air Joe Pro Digital Cordless Air Compressor w/Nozzle Adapters & Case,Sun Joe,Snow Joe,,,Tools & Home Improvement,"[""two_tokens_plus_category_rare_token""]",0,4,0.190476,low,without_model,brand_in_cpsc_name,292,,
AMZ-ER-0112,22227,2022-09-22,Spalding Momentous EZ Portable Basketball Goals,B0C4VCP2T3,Spalding Momentous EZ Assembly Portable Adjustable Outdoor Basketball Hoop – Assembles in 30 Minutes or Less,Spalding,Spalding,,,Sports & Outdoors,"[""two_tokens_plus_category_rare_token""]",0,5,0.357143,medium,without_model,brand_in_cpsc_name,38,,
AMZ-ER-0113,22704,2021-10-28,Arc Collection Furniture,B004BMZHQU,"Zephyr AHG-00 Glass with Leaf Pattern for the Zephyr's Arc Collection Horizon De, Black Glass",Zephyr,,,,Appliances,"[""two_tokens_plus_category_rare_token""]",0,2,0.181818,low,without_model,brand_not_in_cpsc_name,1,,
AMZ-ER-0114,22707,2021-11-12,Lambeth Outdoor Metal Torches,B07X5LF4PJ,Red Turbo Metal Nozzle Guard for Blazer Big Shot/Big Buddy Butane Torches,Paykoc Imports,paykoc imports,,,Amazon Home,"[""two_tokens_plus_category_rare_token""]",0,2,0.153846,low,without_model,brand_not_in_cpsc_name,3,,
AMZ-ER-0115,22708,2021-11-12,VidaXL Steel Pool Ladders,B0BVBJSJZB,vidaXL Bike Trailer Bicycle Cargo Trailer Tow Bicycle Cart Steel and Polyester,VidaXL,vidaXL,,,Amazon Home,"[""two_tokens_plus_category_rare_token""]",0,2,0.181818,low,without_model,brand_in_cpsc_name,46,,
AMZ-ER-0116,22714,2021-12-23,Polaris RZR and GENERAL Recreational Off-Road Vehicles,B014DYA8CS,POLARIS RZR Sound BAR 4 by MB Quart 2881230,Polaris,Polaris,RZR Sound BAR 4,,Automotive,"[""two_tokens_plus_category_rare_token""]",0,2,0.166667,low,with_model,brand_in_cpsc_name,417,,
AMZ-ER-0117,22721,2022-02-10,2022 Can-Am Outlander ATVs,B008SLS0AU,STI Chicane RX Tire 30x10-15 for Can-Am Outlander 1000 EFI X MR 2013-2018,,,,,Musical Instruments,"[""two_tokens_plus_category_rare_token""]",0,3,0.1875,low,without_model,brand_missing,20,,
AMZ-ER-0118,22721,2022-02-10,2022 Can-Am Outlander ATVs,B07L3Y16Y7,Caltric Fuel Injector Injection Valve Compatible with Can-Am Bombardier Outlander 800 4X4 2006-2008,,Caltric,,,Tools & Home Improvement,"[""two_tokens_plus_category_rare_token""]",0,3,0.1875,low,without_model,brand_missing,20,,
AMZ-ER-0119,22722,2022-02-10,Serta® Perfect Sleeper® Mattresses,B00T334JE8,Serta Perfect Sleeper Lap and Burp Pads,Serta,,,,Baby,"[""two_tokens_plus_category_rare_token""]",0,3,0.428571,medium,without_model,brand_in_cpsc_name,83,,
AMZ-ER-0120,22729,2022-02-17,"Model Year 2022 MATRYX RMK, INDY, SWITCHBACK, VOYAGEUR, and NORDIC PRO snowmobiles",B00T5OR6KO,"QFS OEM In-Tank Fuel Pump Replacement for Polaris 600 650 700 800 850 Dragon IQ RMK Rush Shift Switchback Voyager Nordic Assault Pro Khaos SKS, Indy Voyageur, 2007-2016",QFS,Quantum Fuel Systems,"600 650 700 800 850 Dragon IQ RMK Rush Shift Switchback Voyager Nordic Assault Pro Khaos SKS, Indy Voyageur",,Automotive,"[""two_tokens_plus_category_rare_token""]",0,6,0.1875,low,with_model,brand_not_in_cpsc_name,186,,
AMZ-ER-0121,22735,2022-03-24,Commencal Ramones 14-Inch Bicycles,B00FT9RQFE,"Legends Never Die ""The Ramones Framed Photo Collage, 11 x 14-Inch",,Legends Never Die,,,Sports & Outdoors,"[""two_tokens_plus_category_rare_token""]",0,2,0.181818,low,without_model,brand_missing,4,,
AMZ-ER-0122,22735,2022-03-24,Commencal Ramones 14-Inch Bicycles,B00MR0T2GO,"Woombie Original Baby Swaddle, Vintage Bicycles, Big Baby 14-19 Pounds, 3-6 Months",Woombie,,,,Baby,"[""two_tokens_plus_category_rare_token""]",0,2,0.153846,low,without_model,brand_not_in_cpsc_name,4,,
AMZ-ER-0123,22746,2022-04-28,Off-road motorcycles,B07NW6B4MR,EzGo All Terrain Knee Scooter Off Road Heavy Duty Walker Pneumatic Wheels Easy Steering,Powerhouse,POWERHOUSE,SJ-201,,Automotive,"[""two_tokens_plus_category_rare_token""]",0,2,0.133333,low,with_model,brand_not_in_cpsc_name,19,,
AMZ-ER-0124,22746,2022-04-28,Off-road motorcycles,B07NX56RP6,EzGo All Terrain Knee Scooter Off Road Heavy Duty Walker Pneumatic Wheels Easy Steering,Powerhouse,POWERHOUSE,SJ-202,,Automotive,"[""two_tokens_plus_category_rare_token""]",0,2,0.133333,low,with_model,brand_not_in_cpsc_name,19,,
AMZ-ER-0125,22754,2022-06-30,Lidocaine 4% Topical Anesthetic Cream,B003RPQHFW,"Lido Cream 4 Topical Anesthetic Cream Lidocaine 4%, 2 Ounce",Lido Cream,Lido Cream,,,Health & Personal Care,"[""two_tokens_plus_category_rare_token""]",0,4,0.666667,high,without_model,brand_not_in_cpsc_name,95,,
AMZ-ER-0126,22754,2022-06-30,Lidocaine 4% Topical Anesthetic Cream,B004LV215Q,"Lido Cream 5 Topical Anesthetic Cream Lidocaine 5%, 2 Ounce",,Lido Cream,,,Health & Personal Care,"[""two_tokens_plus_category_rare_token""]",0,4,0.666667,high,without_model,brand_missing,95,,
AMZ-ER-0127,22754,2022-06-30,Lidocaine 4% Topical Anesthetic Cream,B004LVGEHW,"Lido Cream 5 Topical Anesthetic Cream Lidocaine 5%, 1 Ounce",Lido Cream,Lido Cream,,,Health & Personal Care,"[""two_tokens_plus_category_rare_token""]",0,4,0.666667,high,without_model,brand_not_in_cpsc_name,95,,
AMZ-ER-0128,22754,2022-06-30,Lidocaine 4% Topical Anesthetic Cream,B08BZVGXPB,Lido 5% Caine Spray Max Strength Pain Relief. Topical Numbing Anesthetic 40ml Clear 1.33 Fl Oz,Lido,AmazonUs/MF7CB,,,Health & Personal Care,"[""two_tokens_plus_category_rare_token""]",0,2,0.117647,low,without_model,brand_in_cpsc_name,95,,
AMZ-ER-0129,22763,2022-07-28,Arctic Cat Alterra 600 and Tracker 600 All-Terrain Vehicles (ATVs),B081YJQQJZ,"Arctic Cat Alterra ATV 2009-2022 Ceramic Brake Pad Set 1000, 700, 600, 550, 500, 450, 400",North Ridge Performance,North Ridge Performance,,,Automotive,"[""two_tokens_plus_category_rare_token""]",0,4,0.190476,low,without_model,brand_not_in_cpsc_name,460,,
AMZ-ER-0130,22767,2022-08-25,"Polaris Snowmobiles, Model Year 2022 PATRIOT BOOST RMK KHAOS and PATRIOT BOOST PRO RMK",B0759S5LM3,Polaris Snowmobiles Passenger Footrest,Polaris,Polaris,2882817,,Automotive,"[""two_tokens_plus_category_rare_token""]",0,2,0.181818,low,with_model,brand_in_cpsc_name,305,,
AMZ-ER-0131,22767,2022-08-25,"Polaris Snowmobiles, Model Year 2022 PATRIOT BOOST RMK KHAOS and PATRIOT BOOST PRO RMK",B07NRKLZLP,"Polaris ATV VES Extreme Highest Performance Full Synthetic 2-Cycle Oil, 2-Stroke Snowmobiles",Polaris,Polaris,2883733,,Automotive,"[""two_tokens_plus_category_rare_token""]",0,2,0.105263,low,with_model,brand_in_cpsc_name,305,,
AMZ-ER-0132,23002,2022-10-06,Hearth & Hand™ with Magnolia Tea Kettles,B07PML8P1P,Hearth & Hand with Magnolia Wood Tea Set,,Target,,,Toys & Games,"[""two_tokens_plus_category_rare_token""]",0,4,0.666667,high,without_model,brand_missing,25,,
AMZ-ER-0133,23009,2022-10-13,Early Learning Centre Little Senses Lights & Sounds Shape Sorter Toys,B08ZN2WV2X,"Early Learning Centre Blossom Farm Playmat & Arch, Physical Development, Hand Eye Coordination, Stimulates Senses, Baby Toys 0+ Months, Amazon Exclusive, by Just Play",,Early Learning Centre,,,Toys & Games,"[""two_tokens_plus_category_rare_token""]",0,5,0.192308,low,without_model,brand_missing,246,,
AMZ-ER-0134,23012,2022-10-13,Magic Chef Air Fryers,B000GASSNK,JCJ Enterprises S-900 RV Gas Range Mud Dauber Screens for Magic Chef and Atwood,JCJ ENTERPR,JCJ Enterprises,S-900,,Automotive,"[""two_tokens_plus_category_rare_token""]",0,2,0.142857,low,with_model,brand_not_in_cpsc_name,50,,
AMZ-ER-0135,23021,2022-10-20,Apeks Exotec SCUBA Diving Buoyancy Compensator Devices (BCDs),B008KO1GDI,"4"" Printed color scuba diver diving shark grey tank sticker decal for any smooth surface such as windows bumpers laptops or any smooth surface.",,Beach Graphic Pros,S2DS0141,,Automotive,"[""two_tokens_plus_category_rare_token""]",0,2,0.083333,low,with_model,brand_missing,466,,
AMZ-ER-0136,23022,2022-10-25,"Pine-Sol® Scented Multi-Surface Cleaners in Lavender Clean®, Sparkling Wave®, and Lemon Fresh scents, CloroxPro® Pine-Sol® All Purpose Cleaners, in Lavender Clean®, Sparkling Wave®, Lemon Fresh, and Orange Energy® scents, and Clorox® Professional™ Pine-Sol® Lemon Fresh Cleaners. Original Pine-Sol® (Pine scent) is not included in this recall.",B009VR60CK,"4"" Printed color black bear against pine trees sticker decal for any smooth surface such as windows bumpers laptops or any smooth surface.",,Beach Graphic Pros,4 S2HT0183,,Automotive,"[""two_tokens_plus_category_rare_token""]",0,2,0.05,low,with_model,brand_missing,1003,,
AMZ-ER-0137,23026,2022-10-27,Horizon T101-05 Treadmills,B005AC1H6Y,Horizon Fitness T101-3 Treadmill,Horizon Fitness,Horizon Fitness,,,Sports & Outdoors,"[""two_tokens_plus_category_rare_token""]",0,2,0.333333,medium,without_model,brand_not_in_cpsc_name,29,,
AMZ-ER-0138,23035,2022-11-03,"AirWick Fresh New Day® aerosol air fresheners - ""Fresh Linen"" and ""Fresh Waters"" scents",B01C8PWHGE,DUO 8200LIN Odor Eliminating Vent Clip Air Freshener (Linen Fresh),Duo,DUO,8200LIN,,Automotive,"[""two_tokens_plus_category_rare_token""]",0,3,0.1875,low,with_model,brand_not_in_cpsc_name,441,,
AMZ-ER-0139,23059,2022-12-01,Aduro surge protectors,B00MOSCYOG,Aduro Power Surge Protector 6 Outlets and 2 USB Ports 2.4A Output Multi Outlet Cell Phone Charging and AC Station (White),Aduro,Aduro,,,Tools & Home Improvement,"[""two_tokens_plus_category_rare_token""]",0,2,0.117647,low,without_model,brand_in_cpsc_name,3,,
AMZ-ER-0140,23059,2022-12-01,Aduro surge protectors,B08N8KL9G4,Aduro Surge Multiple Plug Outlet Splitter Wall Surge Protector With 8 Power Outlet Shelf & 2 Multi USB Port Multi Outlet Plug White,Aduro,Aduro,,,Tools & Home Improvement,"[""two_tokens_plus_category_rare_token""]",0,2,0.142857,low,without_model,brand_in_cpsc_name,3,,
AMZ-ER-0141,23081,2022-12-22,Home Bed Rails,B001V9QWY2,Carex Home Style Bed Rails,Carex,Carex Health Brands,,,Health & Personal Care,"[""two_tokens_plus_category_rare_token""]",0,3,0.6,high,without_model,brand_not_in_cpsc_name,111,,
AMZ-ER-0142,23093,2023-01-19,Vanessa 42-inch Fire Tables,B01FIHH4MG,"Fire Magic Vent Hood Duct Cover - 42""",,,,,Appliances,"[""two_tokens_plus_category_rare_token""]",0,2,0.222222,medium,without_model,brand_missing,2,,
AMZ-ER-0143,23099,2023-01-19,Children's sleepwear,B00RKT5EL4,Lady Bug Plush Personalized Stuffed Animal Embroidered Children’s Gift and Sleepwear Storage,,,,,Baby,"[""two_tokens_plus_category_rare_token""]",0,2,0.181818,low,without_model,brand_missing,3,,
AMZ-ER-0144,23099,2023-01-19,Children's sleepwear,B0785VW2Y7,The Children's Place Kid's Layette Bib and Blanket Bundle Sleepwear,The Children's Place,The Children's Place,,,AMAZON FASHION,"[""two_tokens_plus_category_rare_token""]",0,2,0.25,medium,without_model,brand_not_in_cpsc_name,3,,
AMZ-ER-0145,23100,2023-01-19,Children's sleepwear,B0785VW2Y7,The Children's Place Kid's Layette Bib and Blanket Bundle Sleepwear,The Children's Place,The Children's Place,,,AMAZON FASHION,"[""two_tokens_plus_category_rare_token""]",0,2,0.25,medium,without_model,brand_not_in_cpsc_name,3,,
AMZ-ER-0146,23101,2023-01-19,Children's sleepwear,B00RKT5EL4,Lady Bug Plush Personalized Stuffed Animal Embroidered Children’s Gift and Sleepwear Storage,,,,,Baby,"[""two_tokens_plus_category_rare_token""]",0,2,0.181818,low,without_model,brand_missing,3,,
AMZ-ER-0147,23102,2023-01-19,Children's sleepwear,B0785VW2Y7,The Children's Place Kid's Layette Bib and Blanket Bundle Sleepwear,The Children's Place,The Children's Place,,,AMAZON FASHION,"[""two_tokens_plus_category_rare_token""]",0,2,0.25,medium,without_model,brand_not_in_cpsc_name,3,,
AMZ-ER-0148,23103,2023-01-19,Children's sleepwear,B0785VW2Y7,The Children's Place Kid's Layette Bib and Blanket Bundle Sleepwear,The Children's Place,The Children's Place,,,AMAZON FASHION,"[""two_tokens_plus_category_rare_token""]",0,2,0.25,medium,without_model,brand_not_in_cpsc_name,3,,
AMZ-ER-0149,23104,2023-01-19,Children's sleepwear,B0785VW2Y7,The Children's Place Kid's Layette Bib and Blanket Bundle Sleepwear,The Children's Place,The Children's Place,,,AMAZON FASHION,"[""two_tokens_plus_category_rare_token""]",0,2,0.25,medium,without_model,brand_not_in_cpsc_name,3,,
AMZ-ER-0150,23105,2023-01-19,Heavy Duty Headlight Sealant,B002YILZO6,Slime 10011 16 Oz Slime Super Duty Tire Sealant,,Itw Global Brands - (Automotive),,,Sports & Outdoors,"[""two_tokens_plus_category_rare_token""]",0,2,0.2,medium,without_model,brand_missing,5,,
AMZ-ER-0151,23105,2023-01-19,Heavy Duty Headlight Sealant,B0082LFOFA,Presta Headlight SEALANT (PST-137306),,Presta,,,Tools & Home Improvement,"[""two_tokens_plus_category_rare_token""]",0,2,0.285714,medium,without_model,brand_missing,5,,
AMZ-ER-0152,23125,2023-02-16,KLIM Backcountry Probes A300,B01IMMPKXE,Backcountry Access Stealth 270 Probes,,Backcountry Access Inc,,,Sports & Outdoors,"[""two_tokens_plus_category_rare_token""]",0,2,0.285714,medium,without_model,brand_missing,3,,
AMZ-ER-0153,23125,2023-02-16,KLIM Backcountry Probes A300,B07VMQ5L68,KLIM Men's Backcountry Edition Hoodie,,,,,AMAZON FASHION,"[""two_tokens_plus_category_rare_token""]",0,2,0.285714,medium,without_model,brand_missing,3,,
AMZ-ER-0154,23138,2023-03-02,Infant Capilene Midweight Base Layer Sets,B07F2V17VL,"Icebreaker Merino Women's Oasis Midweight Base Layer Long Sleeve Half Zip Hoodie, Merino Wool",,Icebreaker Merino,,,AMAZON FASHION,"[""two_tokens_plus_category_rare_token""]",0,3,0.1875,low,without_model,brand_missing,19,,
AMZ-ER-0155,23145,2023-03-09,YETI soft coolers and gear cases,B09G63TMS5,"KEMIMOTO ATV Seat Bag, Water-Resistant ATV Cargo Bag with Soft Coolers, ATV Gear Bag Rear Cushion Compatible with Polaris Sportsman Rancher Rubicon Foreman Grizzly, Black",KEMIMOTO,kemimoto,Utvb0113-07001bk,,Automotive,"[""two_tokens_plus_category_rare_token""]",0,3,0.142857,low,with_model,brand_not_in_cpsc_name,23,,
AMZ-ER-0156,23154,2023-03-16,"Nurtec® ODT (rimegepant) orally disintegrating tablets, 75mg 8-Unit Dose blister pack",B00E4MJ07E,Alavert 24 Hour Orally Disintegrating Tablets Fresh Mint 60 Tablets (Pack of 2),Alavert,Pfizer Consumer Healthcar,,,Health_and_Household,"[""two_tokens_plus_category_rare_token""]",0,3,0.1875,low,without_model,brand_not_in_cpsc_name,38,,
AMZ-ER-0157,23154,2023-03-16,"Nurtec® ODT (rimegepant) orally disintegrating tablets, 75mg 8-Unit Dose blister pack",B00E5QH6TS,Alavert 24 Hour Orally Disintegrating Tablets Citrus Burst 18 Tablets,Alavert,Wyeth Consumer Healthcare,,,Health & Personal Care,"[""two_tokens_plus_category_rare_token""]",0,3,0.1875,low,without_model,brand_not_in_cpsc_name,38,,
AMZ-ER-0158,23172,2023-03-31,The Laundress Fabric Conditioners,B07CM9HBHS,"The Laundress New York Fabric Softener Fresh Wash, 16 Fluid Ounce, White, 16 fl oz (Pack of 1)",The Laundress New York,The Laundress,,,Health & Personal Care,"[""two_tokens_plus_category_rare_token""]",0,2,0.166667,low,without_model,brand_not_in_cpsc_name,2,,
AMZ-ER-0159,23178,2023-04-13,Flo Smart Water Monitor Lithium-Ion Battery Back-Ups,B08BCKCVQ6,"THEPRO 6V /12V 1A Battery Charger and Maintainer Selectable Lead Acid / Lithium-Ion(Lifepo4) Automatic Smart Trickle Charger for Motorcycles, Powersports, ATVs, UTVs, UPS, and More (12V / 6V 1A)",THEPRO,,,,Automotive,"[""two_tokens_plus_category_rare_token""]",0,5,0.192308,low,without_model,brand_not_in_cpsc_name,262,,
AMZ-ER-0160,23187,2023-04-20,Children's sleepwear,B00RKT5EL4,Lady Bug Plush Personalized Stuffed Animal Embroidered Children’s Gift and Sleepwear Storage,,,,,Baby,"[""two_tokens_plus_category_rare_token""]",0,2,0.181818,low,without_model,brand_missing,3,,
AMZ-ER-0161,23187,2023-04-20,Children's sleepwear,B0785VW2Y7,The Children's Place Kid's Layette Bib and Blanket Bundle Sleepwear,The Children's Place,The Children's Place,,,AMAZON FASHION,"[""two_tokens_plus_category_rare_token""]",0,2,0.25,medium,without_model,brand_not_in_cpsc_name,3,,
AMZ-ER-0162,23188,2023-04-20,Children's sleepwear,B00RKT5EL4,Lady Bug Plush Personalized Stuffed Animal Embroidered Children’s Gift and Sleepwear Storage,,,,,Baby,"[""two_tokens_plus_category_rare_token""]",0,2,0.181818,low,without_model,brand_missing,3,,
AMZ-ER-0163,23222,2023-06-15,"SCUBA Diving Buoyancy Compensating Devices OceanPro, Excursion, Hera",B008KO1GDI,"4"" Printed color scuba diver diving shark grey tank sticker decal for any smooth surface such as windows bumpers laptops or any smooth surface.",,Beach Graphic Pros,S2DS0141,,Automotive,"[""two_tokens_plus_category_rare_token""]",0,2,0.083333,low,with_model,brand_missing,423,,
AMZ-ER-0164,23223,2023-06-15,Promax hydraulic disc brakes sold on Trek bicycles,B00AC87G8O,Promax BR3674 Brakes,promax,Promax,Promax 91-9359B,,Automotive,"[""two_tokens_plus_category_rare_token""]",0,2,0.25,medium,with_model,brand_in_cpsc_name,52,,
AMZ-ER-0165,23227,2023-06-22,"Ferrous Sulfate (Iron) Enteric-Coated Tablets, 324 mg - 100 Tablet Bottles",B06XK4X6Q8,Ferrous Sulfate Iron 325 mg Generic for Feosol 100 Tablets Pack of 3,Reliable-1 Laboratories,Reliable-1 Laboratories,,,Health & Personal Care,"[""two_tokens_plus_category_rare_token""]",0,6,0.428571,medium,without_model,brand_not_in_cpsc_name,314,,
AMZ-ER-0166,23227,2023-06-22,"Ferrous Sulfate (Iron) Enteric-Coated Tablets, 324 mg - 100 Tablet Bottles",B07HFXTTRT,"Iron 65 mg (325 mg Ferrous Sulfate), 2 Bottles (100 Count)",,Nature's Bounty,,,Health_and_Household,"[""two_tokens_plus_category_rare_token""]",0,6,0.428571,medium,without_model,brand_missing,314,,
AMZ-ER-0167,23229,2023-06-22,Robo Alive Junior Baby Shark Sing & Swim Bath Toys (full-size) and Robo Alive Junior Mini Baby Shark Swimming Bath Toys (mini-size),B073QMPCJX,"Muscle Alive Mens Workout Shorts 3"" Inseam 95% Terry Cotton 5% Spandex with Pockets Thick Fabric Solid Black Size L",,,,,AMAZON FASHION,"[""two_tokens_plus_category_rare_token""]",0,2,0.076923,low,without_model,brand_missing,593,,
AMZ-ER-0168,23229,2023-06-22,Robo Alive Junior Baby Shark Sing & Swim Bath Toys (full-size) and Robo Alive Junior Mini Baby Shark Swimming Bath Toys (mini-size),B0BZ48TFXL,"wonuu Car Rubber Duck Decoration, West Cowboy Duck Car Dashboard Decoration Accessories with Mini Swim Ring Cowboy Hat Scarf and Sunglasses(C_Pink Scarf Cowboy&Pink hat&Love Heart Glasses)",,wonuu,Car Dashboard Rubber Duck Decoration,,Automotive,"[""two_tokens_plus_category_rare_token""]",0,2,0.066667,low,with_model,brand_missing,593,,
AMZ-ER-0169,23252,2023-08-03,Maggie's Farm 14 oz Bed Bug & Flea Killer,B076NC2W9D,"Ortho Bed Bug & Flea Killer Aerosol, 16 oz.",,The Scotts Company LLC,,,Amazon Home,"[""two_tokens_plus_category_rare_token""]",0,5,0.454545,medium,without_model,brand_missing,138,,
AMZ-ER-0170,23256,2023-08-10,Electric and stovetop pressure cookers,B08FR356J2,TEANDE 3500PSI Electric Pressure,,,,,Appliances,"[""two_tokens_plus_category_rare_token""]",0,2,0.333333,medium,without_model,brand_missing,45,,
AMZ-ER-0171,23272,2023-08-31,Boon Flair & Flair Elite highchairs,B000G7YLES,Boon Flair Elite Pneumatic Pedestal Highchair with Stainless Steel Base and 2 Seat Pads - White and Orange/Grey (Discontinued by Manufacturer),Boon,,,,Baby,"[""two_tokens_plus_category_rare_token""]",0,3,0.1875,low,without_model,brand_in_cpsc_name,28,,
AMZ-ER-0172,23274,2023-09-07,Emporia Smart Plugs,B09BP1Z58V,"EMPORIA Smart 48 Amp Level 2 EV Charger with Home Energy Management System, Smart Home Energy Monitor with 16 Circuit Level Sensors",EMPORIA,Emporia Corp.,,,Automotive,"[""two_tokens_plus_category_rare_token""]",0,2,0.125,low,without_model,brand_in_cpsc_name,2,,
AMZ-ER-0173,23276,2023-09-07,Pirelli P ZERO Race TLR Bicycle Tires,B07FRM659V,Pirelli P Zero All Season Plus 235/45R17XL 97W BSW,Pirelli,Pirelli,P Zero All Season Plus,,Automotive,"[""two_tokens_plus_category_rare_token""]",0,2,0.153846,low,with_model,brand_in_cpsc_name,43,,
AMZ-ER-0174,23276,2023-09-07,Pirelli P ZERO Race TLR Bicycle Tires,B08FD2K66G,"Pirelli P Zero Race Tubeless Tire Black, 700x26c",Pirelli,Pirelli,,,Sports & Outdoors,"[""two_tokens_plus_category_rare_token""]",0,3,0.333333,medium,without_model,brand_in_cpsc_name,43,,
AMZ-ER-0175,23276,2023-09-07,Pirelli P ZERO Race TLR Bicycle Tires,B09YKNJ134,Pirelli P Zero Race Tire Clincher Folding,PIRELLI(ピレリ),PIRELLI(ピレリ),,,Sports & Outdoors,"[""two_tokens_plus_category_rare_token""]",0,3,0.333333,medium,without_model,brand_not_in_cpsc_name,43,,
AMZ-ER-0176,23286,2023-09-14,Chuckle & Roar Ultimate Water Beads Activity Kits,B0C2VVHNSP,Chuckle & Roar Sensory - 10pk Sensory Fidget Box,,Buffalo Games,,,Toys & Games,"[""two_tokens_plus_category_rare_token""]",0,2,0.181818,low,without_model,brand_missing,50,,
AMZ-ER-0177,23286,2023-09-14,Chuckle & Roar Ultimate Water Beads Activity Kits,B0C2VYF2JF,Chuckle & Roar - Sensory Bin - Tactile Learning for Toddlers - Montessori Preschool Activities - Storage Bin - Activity Set,,Buffalo Games,,,Toys & Games,"[""two_tokens_plus_category_rare_token""]",0,3,0.1875,low,without_model,brand_missing,50,,
AMZ-ER-0178,23295,2023-09-28,Trek Allant+ 7 bicycles with Tektro brakes,B07DZ5R5JQ,Tektro for Orion Auriga Pro Comp E-comp Draco Aquila Disc Brakes Pads,TEKTRO,Tektro,,,Automotive,"[""two_tokens_plus_category_rare_token""]",0,2,0.153846,low,without_model,brand_in_cpsc_name,3,,
AMZ-ER-0179,23298,2023-09-28,Rust-Oleum Professional Fluorescent Pink Inverted Marking Spray Paint cans,B00KWF3N5W,Rust-Oleum ATU6015 Silver Automotive Touch-Up Spray Paint - 8 oz,Rust-Oleum,Rust-Oleum,ATU6015,,Automotive,"[""two_tokens_plus_category_rare_token""]",0,4,0.25,medium,with_model,brand_in_cpsc_name,221,,
AMZ-ER-0180,23702,2022-10-13,Ski-Doo snowmobiles,B00F6BO9UA,Ski-Doo Drill Bit 415128884,Ski-Doo,BRP,Ski-Doo,,Automotive,"[""two_tokens_plus_category_rare_token""]",0,2,0.333333,medium,with_model,brand_in_cpsc_name,52,,
AMZ-ER-0181,23704,2022-10-27,Amazon Basics Executive Desk Chairs,B074JL3DDZ,"Amazon Basics Car Windshield Sun Shade, Extra Large",Amazon Basics,Amazon Basics,"Car Windshield Sun Shade,",,Automotive,"[""two_tokens_plus_category_rare_token""]",0,2,0.181818,low,with_model,brand_in_cpsc_name,322,,
AMZ-ER-0182,23712,2022-12-01,Model Years 2021-2022 RZR Pro XP 4 Recreational Off-Road Vehicles,B08B27NK8N,"Pro Armor P199Y333RD 2020 RZR PRO XP Cooler Bag, Black and Red",Pro Armor,PRO ARMOR,P199Y333RD,,Automotive,"[""two_tokens_plus_category_rare_token""]",0,3,0.1875,low,with_model,brand_not_in_cpsc_name,225,,
AMZ-ER-0183,23715,2022-12-01,2022 model year Honda TRX90X ATVs,B000S6NR3I,QuadBoss King Pin Kit For 09-23 HONDA TRX90X,Quadboss,Quadboss,Quadboss 5342-1012,,Automotive,"[""two_tokens_plus_category_rare_token""]",0,2,0.181818,low,with_model,brand_not_in_cpsc_name,24,,
AMZ-ER-0184,23728,2023-02-23,Polaris Timbersled Snow Bike Conversion Kits,B0873B64MR,Polaris Timbersled Handlebar Gauntlets,Polaris,Polaris,2883651,,Automotive,"[""two_tokens_plus_category_rare_token""]",0,2,0.25,medium,with_model,brand_in_cpsc_name,38,,
AMZ-ER-0185,23728,2023-02-23,Polaris Timbersled Snow Bike Conversion Kits,B091V1BVR9,Polaris Timbersled Pivot Dolly,Polaris,Polaris,2889066,,Automotive,"[""two_tokens_plus_category_rare_token""]",0,2,0.25,medium,with_model,brand_in_cpsc_name,38,,
AMZ-ER-0186,23733,2023-03-02,CTRL Imperial Wakeboard Bindings,B07KV4B7K5,CTRL Standard OT Wakeboard Bindings Sz L (8-11.5),,,,,Sports & Outdoors,"[""two_tokens_plus_category_rare_token""]",0,3,0.375,medium,without_model,brand_missing,10,,
AMZ-ER-0187,23733,2023-03-02,CTRL Imperial Wakeboard Bindings,B0957XV41K,CTRL Blazer Wakeboard Bindings Mens Sz 8-11,CTRL,CTRL,,,Sports & Outdoors,"[""two_tokens_plus_category_rare_token""]",0,3,0.375,medium,without_model,brand_in_cpsc_name,10,,
AMZ-ER-0188,23739,2023-03-23,Arctic Cat Alterra 600 and Tracker 600 All-Terrain Vehicles (ATVs),B0B9FW9MDB,"Rehand All Terrain Walking Cane, Colorful Foldable Walking Sticks for Seniors & Adults, Pivot Tip and Heavy Duty Mobility Aid, Collapsible Cane for Men & Women",rehand,rehand,,,Sports & Outdoors,"[""two_tokens_plus_category_rare_token""]",0,2,0.076923,low,without_model,brand_not_in_cpsc_name,460,,
AMZ-ER-0189,23740,2023-03-30,Model Years 2022-2023 RZR Pro R and Pro R 4 Recreational Off-Road Vehicles,B0BL2KN3R8,"Vehicle heater, portable vehicle heater, 12V windshield demister, fast heating and cooling, low noise, used for automobile trucks, boats, recreational vehicles, camping trips, winter defrosting (12V)",AQTZGOS,AQTZGOS,SH-00213,,Automotive,"[""two_tokens_plus_category_rare_token""]",0,2,0.071429,low,with_model,brand_not_in_cpsc_name,185,,
AMZ-ER-0190,23742,2023-04-06,"Basket with Balls toys sold with Monti Kids Tummy-Time, 4-6M Play and Early Gross Motor subscription boxes",B07TB44L65,"Green Toys Fire Truck - BPA , Phthalates Free Imaginative Play Toy for Improving Fine , Gross Motor Skills. for Kids",,Green Toys,,,Toys & Games,"[""two_tokens_plus_category_rare_token""]",0,5,0.192308,low,without_model,brand_missing,452,,
AMZ-ER-0191,23755,2023-05-11,Ski-Doo snowmobiles,B00F6BO9UA,Ski-Doo Drill Bit 415128884,Ski-Doo,BRP,Ski-Doo,,Automotive,"[""two_tokens_plus_category_rare_token""]",0,2,0.333333,medium,with_model,brand_in_cpsc_name,52,,
AMZ-ER-0192,23759,2023-05-18,Ventura Adult Bike Helmets,B00GDIDIIE,Ventura Bike-Helmets Ventura Trifecta Extreme,Ventura,Cycle Force Group,,,Sports & Outdoors,"[""two_tokens_plus_category_rare_token""]",0,3,0.5,high,without_model,brand_in_cpsc_name,34,,
AMZ-ER-0193,23764,2023-06-08,Kate and Laurel Astora and Valenti Mirrors,B073V6JFZ1,"Kate and Laurel Growth Chart 6.5' Wood Wall Ruler, Rustic Brown",Kate and Laurel,,,,Amazon Home,"[""two_tokens_plus_category_rare_token""]",0,2,0.166667,low,without_model,brand_in_cpsc_name,12,,
AMZ-ER-0194,23779,2023-08-03,"Amana Packaged Terminal Air Conditioners/Heat Pumps (PTACs) equipped with ""DigiAir"" modules",B002UC6UNW,Bramec 19880 Bracket for Air Conditioners/Heat Pumps,Bramec Corporation,Bramec,19880,,Automotive,"[""two_tokens_plus_category_rare_token""]",0,4,0.285714,medium,with_model,brand_not_in_cpsc_name,294,,
AMZ-ER-0195,23783,2023-08-17,Ubio Labs power banks,B005TR6J2C,Banks 61201 Power iQ Can Interface,Banks,Banks,61201,,Automotive,"[""two_tokens_plus_category_rare_token""]",0,2,0.25,medium,with_model,brand_in_cpsc_name,147,,
AMZ-ER-0196,23785,2023-08-24,Kids bike helmets,B008QFUKBK,O-tus Mini-speakers for Bike Helmets (Black),OTUS,O-tus,,,Home Audio & Theater,"[""two_tokens_plus_category_rare_token""]",0,2,0.333333,medium,without_model,brand_not_in_cpsc_name,45,,
AMZ-ER-0197,23786,2023-08-31,Ski-Doo and Lynx Snowmobiles,B00F6BO9UA,Ski-Doo Drill Bit 415128884,Ski-Doo,BRP,Ski-Doo,,Automotive,"[""two_tokens_plus_category_rare_token""]",0,2,0.285714,medium,with_model,brand_in_cpsc_name,66,,
AMZ-ER-0198,23786,2023-08-31,Ski-Doo and Lynx Snowmobiles,B09J9796VP,Ski-Doo/Lynx LinQ Universal Rack,Ski-Doo,,,,Automotive,"[""two_tokens_plus_category_rare_token""]",0,3,0.428571,medium,without_model,brand_in_cpsc_name,66,,
AMZ-ER-0199,23788,2023-08-31,"Polaris Snowmobiles, Model Year 2022-2023 MATRYX PRO RMK and MATRYX RMK KHAOS",B0759S5LM3,Polaris Snowmobiles Passenger Footrest,Polaris,Polaris,2882817,,Automotive,"[""two_tokens_plus_category_rare_token""]",0,2,0.181818,low,with_model,brand_in_cpsc_name,314,,
AMZ-ER-0200,23788,2023-08-31,"Polaris Snowmobiles, Model Year 2022-2023 MATRYX PRO RMK and MATRYX RMK KHAOS",B097YLWZCB,Polaris Snowmobile PRO Ride RMK Skid Plate,Polaris,Polaris,2878155-070,,Automotive,"[""two_tokens_plus_category_rare_token""]",0,3,0.230769,medium,with_model,brand_in_cpsc_name,314,,
