audit_task,review_id,cpsc_source_record_id,cpsc_recall_number,cpsc_recall_date,cpsc_product_name,cpsc_title,cpsc_description,cpsc_hazards,cpsc_manufacturers,cpsc_retailers,cpsc_url,saferproducts_source_record_id,incident_date,publication_date,incident_brand,incident_model,incident_upc,incident_product_description,incident_description,incident_category,incident_manufacturer,incident_retailer,incident_locale,incident_product_purchased_date,incident_product_manufactured_date,incident_manufacturer_comments,incident_user_still_has_product,incident_severity,exact_upc,shared_product_token_count,product_token_jaccard,product_name_sequence_similarity,cpsc_name_token_coverage,incident_name_token_coverage,incident_brand_in_cpsc_name,incident_model_in_cpsc_name,manufacturer_in_cpsc_name,blocking_sources,selection_reason,temporal_status,similarity_band,jaccard_band,initial_label,review_label,reviewer_notes,expert_adjudication_label,expert_confidence,expert_evidence_basis,expert_rationale,annotation_type,borderline_score,independent_label,independent_notes
INDEPENDENT_REVIEW,ER-0022,8870,20768,2020-07-30,Valor H5 gas fireplace,Miles Industries Recalls Gas Fireplaces Due to Burn and Laceration Hazards (Recall Alert),This recall involves two models of Valor H5 propane gas fireplaces: Model 1150ILP with serial number ranging from 20001 through 20365 and model 1150JLP with serial number ranging from 20366 through 21502. The recalled fireplaces were sold in seven different trim and front options with a log set and a mesh barrier screen that was installed in front of the glass. The fireplaces are a fully enclosed rectangular sheet metal box with a glass front. The exhaust is vented to the outside through a ventilation duct. The model number and serial number are printed on a rating sheet behind the trim.,"[{""name"": ""Delayed ignition due to pilot degradation can cause gas in the fireplace to accumulate prior to burner ignition. When ignition takes place, it can cause the glass window to shatter, posing burn and laceration hazards."", ""hazard_type"": null, ""hazard_type_id"": null}]","[{""name"": ""Miles Industries Ltd., of Canada"", ""company_id"": null}]","[{""name"": ""Southern Fireplaces & More, Custom Hearth, On Fire, Abercrombie & Co., Southern Hearth & Patio stores and other Specialty Hearth stores from July 2014 through March 2020 for between $3,700 and $5,500 (not including installation)."", ""company_id"": null}]",https://www.cpsc.gov/Recalls/2020/Miles-Industries-Recalls-Gas-Fireplaces-Due-to-Burn-and-Laceration-Hazards-Recall-Alert,20220223-64D2B-2147357468,2022-02-23,2022-03-29,Valor,m#5341LN,,Valor Gas Fireplace,"Our Valor Gas Fireplace, model number 5341LN serial number 534n100115 has been acting funny with delayed ignition and then quit working. I had a repair person come look at it and he diagnosed it as needing a gas valve replacement. I looked the issue up online and noted that this company had another model that had similar issues and that they had recalled it. I then called them up to report the issue and they said they were not concerned as my fireplace was a different model than the one they had recalled. I suggested that their definition of concern is very different than mine.",,Valor Fireplaces,,,,,,,,0,3,0.75,0.75,1.0,0.75,1,0,0,"[""shared_2plus_product_tokens""]",top_ranked_non_upc_candidate,incident_on_or_after_recall,high,high,unlabeled,,,UNCERTAIN,MEDIUM,insufficient_variant_identity_evidence,Evidence overlaps with the recalled product family (Valor H5 gas fireplace) but lacks enough exact variant/identifier information for a confident entity decision.,Senior-review working annotation; not independent human gold,,,
INDEPENDENT_REVIEW,ER-0048,9044,21737,2021-04-22,Welmate Lidocaine Numbing Cream,YYBA Recalls Welmate Lidocaine Numbing Cream Due to Failure to Meet Child Resistant Packaging Requirement; Risk of Poisoning (Recall Alert),"This recall involves Welmate Lidocaine Numbing Cream in a 113 g (4 oz.) white jar with a blue, orange and green label and a white cap. ""Welmate,"" ""5% Lidocaine,"" the Welmate logo and UPC code 373581105045 or 373581000012 are printed on the label. The lot numbers and corresponding expiration dates included in the recall are printed on the underside of the jar as follows: Lot Numbers Expiration Dates ELNC2001 05/2022 ELNC2002 05/2022 EL5C2001 11/2022 EL5C2002 11/2022 EL5C2101 11/2022 EL5C2102 11/2022","[{""name"": ""The packaging is not child resistant as required by the Poison Prevention Packaging Act. The pain relieving cream contains lidocaine, posing a risk of poisoning to young children if they put it on their skin or ingest it."", ""hazard_type"": null, ""hazard_type_id"": null}]","[{""name"": ""Yash Pharmaceuticals, of India"", ""company_id"": null}]","[{""name"": ""Online at Amazon.com, Ebay.com, Walmart.com and wellspringmeds.com from August 2020 through March 2021 for about $20."", ""company_id"": null}]",https://www.cpsc.gov/Recalls/2021/YYBA-Recalls-Welmate-Lidocaine-Numbing-Cream-Due-to-Failure-to-Meet-Child-Resistant-Packaging-Requirement-Risk-of-Poisoning-Recall-Alert,20200530-943C9-2147371992,2020-05-30,2020-08-13,Tattoo Numbing Cream Co.,,,Numbing Cream,"I've had 2 extra tubes of this product stored since I had my last clinic session.. I was surprised to have caught my 4-yo daughter this morning applying some on her knee! I didn't expect she would be able to open the tube as I thought products like these nowadays have child resistant caps!!
I never had a chance to examine this when it arrived and just handed the first tube to the clinic staff when I had my hair removal session. Shouldn't all products like these have child proofing covers?! I would like CPSC to investigate and check with this brand as clearly I see that they are not being compliant! Hope you can get this resolved asap, i know other responsible moms like me might still be prone to this kind of negligence and children cannot be exposed to such incidents when companies should be the one responsible!
Thanks!!

https://web.facebook.com/tattoonumbingcreamco/?__tn__=kC-R&eid=ARCW1NBBVZCiRc25jCXxACkbKJnp9ifs_l8I1a2ZuCn97Tayd0-lpWE3FH_XrGB61FfXzprDaN9V4iWdJj7gmUBgW2VLpLQGUeWmoR90hktC4XRdNT
XfoljB9QjhbZFsXSh3QZ8Zs1xvWpxAzw6c6YqM67K_TNwHK5ZiK9R4FfPJM1aZjA&
hc_ref=ART9ETyMyrOrPfdreA91QBhPrquuzqeRi1bMP0WeZyaIxAKsdYIIVBuXbDQHkljKhpI&fref=nf&ft[tn]
=kC-R-R&ft[adid]=23844550243400698&ft[qid]=6831562999709089918&ft[mf_story_key]=2964492472278219821&ft[is_sponsored]=1&ft[ei]=AI%
40AQJPwLQ5FCwBmYTwTezPFzp3KX5kEcMJpm1yt9&_rdc=1&_rdr",,Tattoo Numbing Cream Co.,their website,,,,,,,0,2,0.4,0.5,0.5,0.666667,0,0,0,"[""shared_2plus_product_tokens""]",top_ranked_non_upc_candidate,pre_recall_public,medium,high,unlabeled,,,UNCERTAIN,MEDIUM,insufficient_variant_identity_evidence,Evidence overlaps with the recalled product family (Welmate Lidocaine Numbing Cream) but lacks enough exact variant/identifier information for a confident entity decision.,Senior-review working annotation; not independent human gold,,,
INDEPENDENT_REVIEW,ER-0051,9059,21130,2021-05-06,Kidde TruSense Smoke Alarms and Combination Smoke/Carbon Monoxide Alarms,Kidde Recalls TruSense Smoke and Combination Smoke/Carbon Monoxide Alarms Due to Risk of Failure to Alert Consumers to a Fire,"This recall involves Kidde TruSense Smoke Alarms and Combination Smoke/Carbon Monoxide Alarms. The recalled units are Kidde Model Series 2040, 2050, 2060 and 2070 Smoke and Combination Smoke/Carbon Monoxide alarms. Only alarms with the TruSense logo or ""AMBER=FAULT"" printed on the front of the alarm are included in this recall. The model number is printed on the back of the alarm. Model Alarm Type 2040-DSR Smoke 2050-DS10 Smoke 2060-ASR Smoke 2070-VDSCR Combination Smoke/Carbon Monoxide 2070-VASCR Combination Smoke/Carbon Monoxide 2070-VDSR Smoke 2070-VASR Smoke","[{""name"": ""The smoke alarm and the combination smoke/carbon monoxide (CO) alarm can fail to alert consumers to a fire."", ""hazard_type"": null, ""hazard_type_id"": null}]",[],"[{""name"": ""Walmart, Home Depot, Menards and other department, home and hardware stores and electrical distributors nationwide, and online at Amazon.com, ShopKidde.com and other online retailers from May 2019 through September 2020 for between $10 and $70."", ""company_id"": null}]",https://www.cpsc.gov/Recalls/2021/Kidde-Recalls-TruSense-Smoke-and-Combination-Smoke-Carbon-Monoxide-Alarms-Due-to-Risk-of-Failure-to-Alert-Consumers-to-a-Fire,20200521-7C6DC-1982122,2020-05-18,2020-07-13,Kidde,KNCOSM-BA,,Combination CO Smoke Alarms,"The consumer indicates that none of her six alarms went off even though there was a carbon monoxide leak in her home due to her vehicle running in the garage for two and a half hours. The consumer contacted her Fire Department and they aired her home. Before they arrived, the consumer had opened doors and windows for fifteen minutes so their forty-six ppm CO reading was lower than it is believed to have been at its highest that day.

The consumer contacted the Manufacturer and explained the situation; the representative she spoke to indicated that they would send her replacement alarms if she shops them the ones in her home.

The consumer plans on keeping her alarms for the next thirty days in case an investigation ensues.

NOTE: The consumer has limited information on her alarms because it was already installed when she purchased her home in May 2018.",,UTC Fire & Security,,,,2017-03-21,,,,0,4,0.5,0.365217,0.571429,0.8,1,0,0,"[""shared_2plus_product_tokens""]",top_ranked_non_upc_candidate,pre_recall_public,low,high,unlabeled,,,UNCERTAIN,MEDIUM,insufficient_variant_identity_evidence,Evidence overlaps with the recalled product family (Kidde TruSense Smoke Alarms and Combination Smoke/Carbon Monoxide Alarms) but lacks enough exact variant/identifier information for a confident entity decision.,Senior-review working annotation; not independent human gold,,,
INDEPENDENT_REVIEW,ER-0056,9082,21150,2021-06-09,Klein Tools Non-Contact Voltage Tester Model NCVT-1,Non-Contact Voltage Testers Recalled by Klein Tools Due to Shock Hazard,"This recall involves Klein Tools Non-Contact Voltage Testers with model numbers NCVT1 and date codes ending H7. The product was also sold separately and in kits. The following model numbers are involved in the recall, all bearing date codes ending in H7. Model Number Description Retail Price (U.S. $) NCVT1 Non-Contact Voltage Tester 16.97 NCVT1SEN Non-Contact Voltage Tester with Sensormatic Tag 16.97 NCVT1EP Non-Contact Voltage Tester (Econo. Pack - Bubble Bag) 16.97 NCVT1A Non-Contact Voltage Tester (Asian Packaging) 16.97 NCVT1E Non-Contact Voltage Tester (European Packaging) 16.97 69149 KIT, 3PC, Multimeter Test Kit (Retail Clam Shell) 39.97 80018 KIT, 4PC, Residential Electrical Tool Kit (Poly-Bag & UPC Label) 49.99 80023 KIT, 3PC, Home Inspector Moisture Meter Kit, (Poly-Bag & UPC Label) 59.99 MPZ00001 KIT, 2PC, Pliers + NCVT1 Tester (Clam Shell) 51.72 MPZ00052R KIT, 3PC, Stripper/Cutter + NCVT1 Tester + RT210 GFCI Tester (Retail Clam Shell) 67.42 The meters have a yellow body housing with a tinted gray tip and have a black pocket clip/battery cap on the back. The part/model numbers are written on the top of each unit above the brand name KLEIN TOOLS and date codes are printed on the bottom of the unit under the brand name. The product is rated CAT IV and measures voltage up to 1,000 Volts.","[{""name"": ""The on/off button can remain depressed during the power on or power off cycle, causing the tester to work improperly. Consumers testing electrical sources could fail to be warned of the presence of live voltage if the tester is not properly operating, posing a shock hazard to the users."", ""hazard_type"": null, ""hazard_type_id"": null}]",[],"[{""name"": ""The Home Depot stores and industrial distributors, electrical wholesalers and some hardware stores nationwide from January 2020 through March 2021 for about $17 (for units sold separately) and about $40-$68 (for kits)."", ""company_id"": null}]",https://www.cpsc.gov/Recalls/2021/Non-Contact-Voltage-Testers-Recalled-by-Klein-Tools-Due-to-Shock-Hazard,20210621-66695-2147363385,2021-04-14,2021-07-16,Klein Tools,,,NON-CONTACT VOLTAGE TESTER,got shocked by live voltage,,KLEIN TOOLS INC,the Home Depot,,2021-04-06,,,,,0,6,0.857143,0.853933,0.857143,1.0,1,0,0,"[""shared_2plus_product_tokens""]",top_ranked_non_upc_candidate,pre_incident_published_after_recall,high,high,unlabeled,,,UNCERTAIN,MEDIUM,insufficient_variant_identity_evidence,Evidence overlaps with the recalled product family (Klein Tools Non-Contact Voltage Tester Model NCVT-1) but lacks enough exact variant/identifier information for a confident entity decision.,Senior-review working annotation; not independent human gold,,,
INDEPENDENT_REVIEW,ER-0073,9193,22037,2021-12-22,Royal Sovereign/Royal Centurian portable air conditioners,Royal Sovereign Recalls Portable Air Conditioners Due to Fire and Burn Hazards; One Death Reported,This recall involves the following models of portable air conditioners: Model Numbers PAC-3012 PAC-3012 RB ARP-3012 ARP-3012 KIT ARP-3012S ARP-3014 ARP-3014 SC The model number is printed on the name plate sticker on the back of the portable air conditioners.,"[{""name"": ""A faulty drain motor in the air conditioners can ignite the plastic enclosure of the unit, posing fire and burn hazards to consumers and risk of serious injury or death."", ""hazard_type"": null, ""hazard_type_id"": null}]",[],"[{""name"": ""The recalled portable air conditioners were sold online at Amazon.com and in Sears, COSTCO, Home Depot, BJ's Wholesale Club, and Best Buy stores nationwide from March 2008 through August 2014 for about $290."", ""company_id"": null}]",https://www.cpsc.gov/Recalls/2022/Royal-Sovereign-Recalls-Portable-Air-Conditioners-Due-to-Fire-and-Burn-Hazards-One-Death-Reported,20200805-E01F2-2147370673,2020-08-03,2020-09-28,Royal Sovereign,,,Royal Sovereign Portable A/C unit,"To whom it may concern, 

On August 3rd 2020, I responded to an A/C unit fire
Run number for Cornelius Fire: [REDACTED]
Address of fire: [REDACTED] Cornelius OR 97113
Occupant: [REDACTED] [REDACTED]
All I could get off of the unit was that it was a Royal Sovereign brand upright unit that has a hose that extends out a window
The occupant had no information as to when or where the unit was purchased 
I have attached a photo I found on the internet that may be the same as the one that burned?
The unit appeared to have burned from the inside of the unit",,ROYAL SOVEREIGN,,,,,,,,0,3,0.5,0.792453,0.5,1.0,1,0,1,"[""shared_2plus_product_tokens""]",top_ranked_non_upc_candidate,pre_recall_public,high,high,unlabeled,,,UNCERTAIN,MEDIUM,insufficient_variant_identity_evidence,Evidence overlaps with the recalled product family (Royal Sovereign/Royal Centurian portable air conditioners) but lacks enough exact variant/identifier information for a confident entity decision.,Senior-review working annotation; not independent human gold,,,
INDEPENDENT_REVIEW,ER-0083,9258,22096,2022-03-09,Honda Talon 1000 ROVs,American Honda Recalls Recreational Off-Highway Vehicles (ROVs) Due to Crash and Injury Hazards,"This recall involves model year 2019 - 2021 Honda Talon 1000 S2 and S4 recreational off-highway vehicles (ROVs). The vehicles were sold in various colors including red, blue, green, gray and yellow. ""HONDA"" is printed on the front, sides and the rear of each vehicle. ""Talon"" is printed on a label located on both sides of the vehicle. The Vehicle Identification Number (VIN) number is stamped on the frame on the left side under the left front fender. The VIN range for affected Talon 1000s is as shown below. MY Model VIN Start VIN End 2019 Talon 1000 S2 1HFVE05**K4000003 1HFVE05**K4003902 2020 Talon 1000 S2 1HFVE05**L4100001 1HFVE05**L4102280 2021 Talon 1000 S2 1HFVE05**M4200001 1HFVE05**M4202760 2020 Talon 1000 S4 1HFVE06**L4000002 1HFVE06**L4003420 2021 Talon 1000 S4 1HFVE06**M4100001 1HFVE06**M4102218","[{""name"": ""The vehicle's intake funnel band screw can loosen and enter the engine through the intake funnel and cause sudden engine failure. If this occurs, it could result in a loss of control, increasing the risk of a crash or injury."", ""hazard_type"": null, ""hazard_type_id"": null}]","[{""name"": ""American Honda Motor Co. Inc., of Timmonsville, South Carolina"", ""company_id"": null}]","[{""name"": ""Authorized Honda Powersports dealers nationwide from March 2019 through January 2022 for between $20,000 and $27,000."", ""company_id"": null}]",https://www.cpsc.gov/Recalls/2022/American-Honda-Recalls-Recreational-Off-Highway-Vehicles-ROVs-Due-to-Crash-and-Injury-Hazards,20221030-56F0E-2147353035,2022-10-03,2022-11-16,Honda,Honda Talon 100,,Honda Talon 1000 off road vehicle.,while driving our 2021 Honda Talon 1000 the power steering went out causing me too almost crash. Power steering is out and we are unable to drive our Honda Talon.,,"American Honda Motor Co., Inc.",Ridgecrest power sports,,2021-10-26,2021-10-26,,,,0,3,0.375,0.526316,0.75,0.428571,1,1,0,"[""shared_2plus_product_tokens""]",top_ranked_non_upc_candidate,incident_on_or_after_recall,medium,medium,unlabeled,,,UNCERTAIN,MEDIUM,insufficient_variant_identity_evidence,Evidence overlaps with the recalled product family (Honda Talon 1000 ROVs) but lacks enough exact variant/identifier information for a confident entity decision.,Senior-review working annotation; not independent human gold,,,
INDEPENDENT_REVIEW,ER-0092,9367,22765,2022-07-28,NUK First Choice 240 mL Glass Baby Bottles,First Choice Glass Baby Bottles Recalled by NUK Due to Violation of the Federal Lead Content Ban; Sold Exclusively on Amazon.com (Recall Alert),"This recall involves NUK-branded First Choice glass baby bottles (ASIN B0027SVJ9O) which were manufactured for the UK market only and not intended for sale in the United States. The glass bottles have a latex teat intended for 0 to 6 months old in 240 mL size. The brand name NUK is in white lettering, a graduated volume scale in white markings, and white and gray stars are on the outside of the bottle. Only the NUK-branded glass baby bottles described above that were manufactured for the UK market are included in this recall.","[{""name"": ""The markings on the outside of the bottles contain levels of lead that exceeds the federal lead content ban. Lead is toxic if ingested by young children and can cause adverse health issues."", ""hazard_type"": null, ""hazard_type_id"": null}]","[{""name"": ""Mapa GmbH of Zeven, Germany"", ""company_id"": null}]","[{""name"": ""Online at Amazon.com from January 2018 to May 2022 for about $20."", ""company_id"": null}]",https://www.cpsc.gov/Recalls/2022/First-Choice-Glass-Baby-Bottles-Recalled-by-NUK-Due-to-Violation-of-the-Federal-Lead-Content-Ban-Sold-Exclusively-on-Amazon-com-Recall-Alert,20210617-C9519-2147363460,2021-06-15,2021-07-27,NUK,NUK 10225127,,"First Choice Plus Starter Set Glass, with 4 Baby Bottles Including Latex Teat and Bottle Box, 0-6 Months","A consumer advocate tested NUK glass baby bottles and found lead paint on the outside. This is one of several baby bottles that have been found to have lead paint on the outside markings, with no recall or warning to parents. How many more need to be found before the CPSC takes action?",,NUK USA LLC,,,,,,,,0,6,0.375,0.459627,0.857143,0.4,1,0,0,"[""shared_2plus_product_tokens""]",top_ranked_non_upc_candidate,pre_recall_public,medium,medium,unlabeled,,,UNCERTAIN,MEDIUM,insufficient_variant_identity_evidence,Evidence overlaps with the recalled product family (NUK First Choice 240 mL Glass Baby Bottles) but lacks enough exact variant/identifier information for a confident entity decision.,Senior-review working annotation; not independent human gold,,,
INDEPENDENT_REVIEW,ER-0095,9372,22200,2022-08-15,"4moms MamaRoo Baby Swing, versions 1.0 through 4.0 and RockaRoo Baby Rockers",4moms Recalls More than 2 Million MamaRoo and RockaRoo Infant Swings and Rockers Due to Entanglement and Strangulation Hazards; One Death Reported,"The MamaRoo is a baby swing that offers multiple motions and speeds. Buttons on the base control the motion, speed and sound. The model number is located on the bottom of the unit. This recall includes only MamaRoo models that use a 3-point harness: versions 1.0 and 2.0 (model number 4M-005), version 3.0 (model number 1026), and version 4.0 (model number 1037). The MamaRoo model that uses a 5-point harness is not included in this recall. The RockaRoo is a baby rocker with front to back gliding motion. The base has an analog knob and power button to control the range of motion of the rocker. The model number 4M-012 is located on the bottom of the unit.","[{""name"": ""When the swing or rocker is not in use, their restraint straps can dangle below the seat and non-occupant crawling infants can become entangled in the straps, posing a strangulation hazard."", ""hazard_type"": null, ""hazard_type_id"": null}]",[],"[{""name"": ""BuyBuy Baby and Target stores nationwide and online at 4moms.com and Amazon from January 2010 through August 2022 for between $160 and $250."", ""company_id"": null}]",https://www.cpsc.gov/Recalls/2022/4moms-Recalls-More-than-2-Million-MamaRoo-and-RockaRoo-Infant-Swings-and-Rockers-Due-to-Entanglement-and-Strangulation-Hazards-One-Death-Reported,20220814-2C686-2147354403,2022-08-12,2022-09-07,4moms,,,4moms mamaroo swing,"We purchased a 4moms mamaroo for our daughter before she was born, she’s not yet two and we used it infrequently since she didn’t seem to like it. Our son is 3 months old and was sitting in it when it started making a plastic on plastic breaking sound at the right side of the swinging motion with all modes. It started and we immediately unplugged it and stopped using it.",,Thorley Industries LLC DBA 4moms,Amazon.com,,2020-10-20,,,,,0,3,0.375,0.38,0.375,1.0,1,0,0,"[""shared_2plus_product_tokens""]",top_ranked_non_upc_candidate,pre_incident_published_after_recall,low,medium,unlabeled,,,UNCERTAIN,MEDIUM,insufficient_variant_identity_evidence,"Evidence overlaps with the recalled product family (4moms MamaRoo Baby Swing, versions 1.0 through 4.0 and RockaRoo Baby Rockers) but lacks enough exact variant/identifier information for a confident entity decision.",Senior-review working annotation; not independent human gold,,,
INDEPENDENT_REVIEW,ER-0096,9403,22232,2022-09-29,Toddleroo Rotating Cabinet Latches,North States Industries Recalls Toddleroo Rotating Cabinet Latches Due to Choking Hazard,This recall involves North States Industries' Toddleroo rotating cabinet latches used to childproof cabinets. The white plastic latches were sold in a package of four latches. Each latch measures 3 13/16 inches wide by 1 3/8 inches high by 1/2 inch deep and comes with application adhesive. North States is printed on the center of the latch. Model number 6178 is printed on the top left corner of the product's packaging. And UPC number 0-26107-06178-2 or 0-26107-06177-5 are printed on the bottom left-hand corner of the product packaging.,"[{""name"": ""The latching button can dislodge and detach from the cabinet latches, posing a choking hazard to young children."", ""hazard_type"": null, ""hazard_type_id"": null}]",[],"[{""name"": ""Walmart, BuyBuyBaby and other stores nationwide and online at https://northstatesind.com and other websites from November 2019 through August 2022 for between $5 and $10."", ""company_id"": null}]",https://www.cpsc.gov/Recalls/2022/North-States-Industries-Recalls-Toddleroo-Rotating-Cabinet-Latches-Due-to-Choking-Hazard,20230417-71385-2147348051,2023-04-14,2023-05-05,ToddleRoo,,0 26107 06174 4,Sliding Cabinet Locks,"The device, a Child Sliding Cabinet (safety) Lock, can easily and unknowingly be reinstalled incorrectly. This gives a false sense of security.
Thankfully, no one got hurt.  The sliding lock can be removed completely from the 'base part'.  It is very easy for another adult to remove this lock and then reinstall it incorrectly.  The unit should be made more fool proof.  The instructions alone on the original packaging are inadequate later.",,"North States Industries, Inc.",Buy Buy Baby,,2022-11-05,,,,,0,2,0.333333,0.769231,0.5,0.5,1,0,0,"[""shared_2plus_product_tokens""]",top_ranked_non_upc_candidate,incident_on_or_after_recall,high,medium,unlabeled,,,UNCERTAIN,MEDIUM,insufficient_variant_identity_evidence,Evidence overlaps with the recalled product family (Toddleroo Rotating Cabinet Latches) but lacks enough exact variant/identifier information for a confident entity decision.,Senior-review working annotation; not independent human gold,,,
INDEPENDENT_REVIEW,ER-0100,9434,23026,2022-10-27,Horizon T101-05 Treadmills,Johnson Health Tech Trading Recalls Horizon Fitness Treadmills Due to Fall Hazard,"This recall involves Horizon Fitness T101-05 folding treadmills. The treadmill has a running area that measures 55 inches long by 20 inches wide and has a 33-inch-wide console. The display has red LEDs that provide workout information to the user. Horizon T101-05 is printed on the treadmill's serial number label. The name of the model and the serial number are located on the metal frame near the power switch. The serial number starts with the letters ""TM"". Only treadmills with the following serial numbers are included in this recall. Only Horizon Fitness T101-05 folding treadmills are included in this recall. MODEL NAME Serial Numbers Starting With T101-05 China TM734 T101-05 Vietnam TM486","[{""name"": ""The treadmills can unexpectedly accelerate, change speed, or stop without user input, posing a fall hazard."", ""hazard_type"": null, ""hazard_type_id"": null}]",[],"[{""name"": ""Dick's Sporting Goods and Johnson Fitness & Wellness stores nationwide and online at www.HorizonFitness.com, www.Amazon.com, www.DicksSportingGoods.com, and www.JohnsonFitness.com from March 2018 through October 2022 for between $600 and $1,000."", ""company_id"": null}]",https://www.cpsc.gov/Recalls/2023/Johnson-Health-Tech-Trading-Recalls-Horizon-Fitness-Treadmills-Due-to-Fall-Hazard,20221117-6AEE6-2147352571,2022-08-02,2022-12-09,Horizon,T101,,Horizon Treadmill T101,treadmill changing speed unexpectedly,,Johnson Health Tech of North America,Horizon Fitness Website,,2021-05-03,,,,,0,2,0.5,0.754098,0.666667,0.666667,1,1,0,"[""shared_2plus_product_tokens""]",top_ranked_non_upc_candidate,pre_incident_published_after_recall,high,high,unlabeled,,,UNCERTAIN,MEDIUM,insufficient_variant_identity_evidence,Evidence overlaps with the recalled product family (Horizon T101-05 Treadmills) but lacks enough exact variant/identifier information for a confident entity decision.,Senior-review working annotation; not independent human gold,,,
INDEPENDENT_REVIEW,ER-0108,9460,23058,2022-12-01,The Laundress laundry and household cleaning products,The Laundress Recalls Laundry Detergent and Household Cleaning Products Due to Risk of Exposure to Bacteria,"This recall involves The Laundress laundry detergent, fabric conditioner and other cleaning products, a complete list of which is available at www.TheLaundressRecall.com, with lot codes beginning with a prefix letter F and the last four digits numbered 9354 or less, H and the last four digits numbered 2262 or less, and T and the last four digits numbered 5264 or less. For a complete list of products, visit www.TheLaundressRecall.com. All products have ""The Laundress - New York"" printed at the top of the label. The Laundress is recalling all products manufactured at the affected facility through September 2022.","[{""name"": ""The recalled products can contain bacteria, including Burkholderia cepacia complex, Klebsiella aerogenes and multiple different species of Pseudomonas, many of which are environmental organisms found widely in soil and water, and some may also be found in humans. People with weakened immune systems, external medical devices, and underlying lung conditions who are exposed to the bacteria face a risk of serious infection that may require medical treatment. The bacteria can enter the body if inhaled, or through the eyes or a break in the skin. People with healthy immune systems are usually not affected by the bacteria."", ""hazard_type"": null, ""hazard_type_id"": null}]",[],"[{""name"": ""Online at TheLaundress.com, Amazon.com, and additional websites and in stores at The Laundress, Bloomingdale's, The Container Store, Saks Fifth Avenue, Target, Nordstrom, Jenni Kayne, Kith, Peruvian Connection, N.Peal, Brooklinen, and other major retailers nationwide, through September 2022 for between $8 and $100."", ""company_id"": null}]",https://www.cpsc.gov/Recalls/2023/The-Laundress-Recalls-Laundry-Detergent-and-Household-Cleaning-Products-Due-to-Risk-of-Exposure-to-Bacteria,20230211-84851-2147350779,2023-01-06,2023-03-08,The Laundress,Wool and Cashmere Wash,,The Laundress laundry detergent and cleaning products,Brain infection from recalled item,,The Laundress,thelaundress.com / amazon.com,,,,,,,0,3,0.375,0.601399,0.75,0.428571,1,0,1,"[""shared_2plus_product_tokens""]",top_ranked_non_upc_candidate,incident_on_or_after_recall,medium,medium,unlabeled,,,UNCERTAIN,MEDIUM,insufficient_variant_identity_evidence,Evidence overlaps with the recalled product family (The Laundress laundry and household cleaning products) but lacks enough exact variant/identifier information for a confident entity decision.,Senior-review working annotation; not independent human gold,,,
INDEPENDENT_REVIEW,ER-0111,9472,23066,2022-12-12,Art of Green laundry detergent products,AlEn USA Recalls Art of Green® Laundry Detergent Products Due to Risk of Exposure to Bacteria,"This recall involves Art of Green Free and Clear laundry detergent in 100-ounce bottles and Zen Lavender Garden laundry detergent in 100-ounce bottles and 33.8-ounce pouches. The UPC codes are located on the back label near the barcode and the date codes can be found on the cap of the 100-ounce bottles or back left corner of the 33.8-ounce pouches. All products have ""Art of Green"" printed on the front of the label. Product Name UPC Codes Date Codes Art of Green Free and Clear laundry detergent in 100-ounce bottles 4315204860 LOT M 220315 Art of Green Zen Lavender Garden laundry detergent in 100-ounce bottles 4315204850 LOT M 220314 Art of Green Zen Lavender Garden laundry detergent in 33.8-ounce pouches 4315204874 LOT Q 220324 LOT Q 220325 LOT Q 220326 LOT Q 220328","[{""name"": ""The recalled products can contain bacteria, including Pseudomonas aeruginosa, an environmental organism found widely in soil and water. People with weakened immune systems or external medical devices who are exposed to Pseudomonas aeruginosa face a risk of serious infection that may require medical treatment. The bacteria can enter the body if inhaled, through the eyes, or through a break in the skin. People with healthy immune systems are usually not affected by the bacteria."", ""hazard_type"": null, ""hazard_type_id"": null}]",[],"[{""name"": ""Save Mart, Lucky and Food Maxx regional stores and online at Amazon.com from April 2022 through October 2022 for between $6 and $25."", ""company_id"": null}]",https://www.cpsc.gov/Recalls/2023/AlEn-USA-Recalls-Art-of-Green-Laundry-Detergent-Products-Due-to-Risk-of-Exposure-to-Bacteria,20230608-40F8F-4236034,2023-06-08,2023-08-02,Kushe,,,laundry detergent,"(06/08/2023) The consumer has a safety concern about the product. She stated that it is supposed to be environmentally friendly and non-toxic, but it has a very toxic smell. When she opened the product, the fumes went down into her lungs causing her lungs to burn. It also caused her eyes to water and itch.

The consumer stated that the product should be removed from the market.",,Earthcare Labs LLC,amazon.com,,,,,,,0,2,0.4,0.612903,0.5,0.666667,0,0,0,"[""shared_2plus_product_tokens""]",top_ranked_non_upc_candidate,incident_on_or_after_recall,medium,high,unlabeled,,,UNCERTAIN,MEDIUM,insufficient_variant_identity_evidence,Evidence overlaps with the recalled product family (Art of Green laundry detergent products) but lacks enough exact variant/identifier information for a confident entity decision.,Senior-review working annotation; not independent human gold,,,
INDEPENDENT_REVIEW,ER-0115,9486,23080,2022-12-22,Samsung Top-Load Washing Machines,Samsung Recalls Top-Load Washing Machines Due to Fire Hazard; Software Repair Available,"This recall involves several models of Samsung's top-load washers with super speed wash. The washers were sold in white, black, champagne, and ivory colors and include model series WA49B, WA50B, WA51A, WA52A, WA54A, and WA55A. The model and serial numbers are found on the washer's label attached to the inside of the top lid. An additional label is located on the rear of the washer. The following model and serial number ranges are included in the recall: Model Number Serial Number Range WA49B5105AV/US 01J457BT700001W through 01J457BTB00111H WA49B5105AW/US 01J557BT700001J through 01J557BT700010D WA49B5205AW/US 01HH57BT300006X through 01HH57BTB00932W WA50B5100AV/US 01J257BT70001B through 01J257BTB01232B WA50B5100AW/US 01J357BT770001L through 01J357BT700010F WA51A5505AC/US 01HA57BR700003P through 01HA57BTB00346F WA51A5505AV/US 01H257BR600003R through 01H257BTB02018L WA51A5505AW/US 01GY57BR600026P through 01GY57BTB00269W WA52A5500AC/US 01HB57BR700003Y through 01HB57BTB02968X WA52A5500AV/US 01H357BR600006A through 01H357BTB01820Y WA52A5500AW/US 01H457BR600003X through 01H457BTB01503Y WA54A7305AV/US 01H557BR600003P through 01H557BR800650T WA55A7300AE/US 01H057BR600001H through 01H057BTB05872Z WA55A7700AV/US 01H157BR600151Z through 01H157ZT700005K","[{""name"": ""The washing machines can short-circuit and overheat, posing a fire hazard."", ""hazard_type"": null, ""hazard_type_id"": null}]",[],"[{""name"": ""Best Buy, Costco, The Home Depot, Lowe's and other appliance stores nationwide and online at Samsung.com from June 2021 through December 2022 for between $900 and $1,500."", ""company_id"": null}]",https://www.cpsc.gov/Recalls/2023/Samsung-Recalls-Top-Load-Washing-Machines-Due-to-Fire-Hazard-Software-Repair-Available,20200630-A538E-1992064,2020-06-28,2021-12-03,Samsung,,,Top load washing machine with glass top,"The consumer was washing 2 queen size sheets (1 top and 1 fitted) and 2 pillow cases, when she began to hear a loud noise.  She opened the door to her laundry room and saw the washer shaking so violently that some ends were lifting off of the floor.  The washer crashed into the laundry room door and caused damage.  It may have also caused damaged to the wall in the laundry area.

The 76 years old, 61"" tall, consumer leaned over the washer to unplug it from the wall outlet.  As she leaned over it, the top separated and hit the consumer in her chest.  The consumer was able to unplug it from the outlet and it stopped operating.  The washer is so severely damaged that the consumer cannot open the top lid.

The consumer looked through glass lid and saw that the washers drum had separated from the internal parts that hold it in place.  The top portion separated from the bottom of the machine in the exact same manner described in CPSC Recall 17-028.  The bottom portion of the washer is twisted and bent.

There is a plastic cover behind the control panel, which is cracked and broken and it was not damaged prior to the incident.

There is a dryer beside the washer, but because they are so close together, the consumer cannot tell if its damaged or dented

NOTE:  10 Warranty Direct Drive, is written on the lid of the washer.

At the time of the report, the consumer was unable to move the washer to see the model and serial number.  The washer was already in the home, when the consumer moved in 10/2019.  She and her husband stayed in the home for 2 weeks and left.  She and her husband returned to the home in March 2020, so it has not been used much.",,"SAMSUNG ELECTRONICS AMERICA, INC. (SEA)",,,,,,,,0,4,0.571429,0.825,0.8,0.666667,1,0,0,"[""shared_2plus_product_tokens""]",top_ranked_non_upc_candidate,pre_recall_public,high,high,unlabeled,,,UNCERTAIN,MEDIUM,insufficient_variant_identity_evidence,Evidence overlaps with the recalled product family (Samsung Top-Load Washing Machines) but lacks enough exact variant/identifier information for a confident entity decision.,Senior-review working annotation; not independent human gold,,,
INDEPENDENT_REVIEW,ER-0120,9520,23115,2023-02-08,Fabuloso Multi-Purpose Cleaners,Colgate-Palmolive Recalls Fabuloso Multi-Purpose Cleaners Due to Risk of Exposure to Bacteria,"This recall involves certain Fabuloso Multi-Purpose Cleaners, which is a multi-purpose cleaner that can be used to clean most residential hard surfaces. The first 8 digits of the lot code of the recalled products are 2348US78 through 2365US78 and 3001US78 through 3023US78. A list of the UPC and lot codes of the recalled products can be found at www.Fabulosorecall.com. For a complete list of products, visit www.Fabulosorecall.com. The lot code is located on the back of the bottle above the label either directly above or towards the top of the bottle. No Fabuloso Antibacterial variants or other Fabuloso products are impacted by this recall. The following Fabuloso Multi-Purpose Cleaners are included in this recall. Lavender Scent Fabuloso Original Multi-Purpose Cleaner, Lavender Scent, 22 FL OZ Fabuloso Multi-Purpose Cleaner 2X Concentrated Formula, Lavender Scent, 56 FL OZ, 128 FL OZ, 169 FL OZ Fabuloso Multi-Purpose Cleaner, Lavender Scent, 210 FL OZ Fabuloso Professional All Purpose Cleaner & Degreaser, Lavender Scent, 1 GALLON Refreshing Lemon Scent Fabuloso Original Multi-Purpose Cleaner, Refreshing Lemon Scent, 22 FL OZ Fabuloso Multi-Purpose Cleaner 2X Concentrated Formula, Refreshing Lemon Scent, 33.8 FL OZ, 56 FL OZ, 128 FL OZ and 169 FL OZ Passion of Fruits Scent Fabuloso Multi-Purpose Cleaner 2X Concentrated Formula, Passion of Fruits Scent, 33.8 FL OZ, 56 FL OZ, 128 FL OZ and 169 FL OZ Spring Fresh Scent Fabuloso Multi-Purpose Cleaner Bleach Alternative 2X Concentrated Formula, Spring Fresh Scent, 56 FL OZ Ocean Scent Fabuloso Professional All Purpose Cleaner & Degreaser, Ocean Scent, 1 GALLON","[{""name"": ""The recalled products can contain Pseudomonas species bacteria, including Pseudomonas aeruginosa and Pseudomonas fluorescens, which are environmental organisms found widely in soil and water. People with weakened immune systems, external medical devices, or underlying lung conditions who are exposed to the bacteria face a risk of serious infection that may require medical treatment. The bacteria can enter the body if inhaled, through the eyes, or through a break in the skin. People with healthy immune systems are usually not affected by the bacteria."", ""hazard_type"": null, ""hazard_type_id"": null}]","[{""name"": ""Colgate-Palmolive Company, of New York"", ""company_id"": null}]","[{""name"": ""Online at Amazon.com and other websites and at Dollar General, Family Dollar, The Home Depot, Sam's Club, Walmart, and other major retailers nationwide from December 2022 through January 2023 for between $1 and $11."", ""company_id"": null}]",https://www.cpsc.gov/Recalls/2023/Colgate-Palmolive-Recalls-Fabuloso-Multi-Purpose-Cleaners-Due-to-Risk-of-Exposure-to-Bacteria,20230211-45EB0-2147350787,2023-02-01,2023-03-02,Fabuloso multi purpose cleaner lavender scent,035000530325,035000530325,It is fabuloso lavender product,I have skin break down and other health issues,,COLGATE PALMOLIVE CO.,,,,,,,,0,3,0.375,0.512397,0.75,0.428571,0,0,0,"[""shared_2plus_product_tokens""]",top_ranked_non_upc_candidate,pre_incident_published_after_recall,medium,medium,unlabeled,,,UNCERTAIN,MEDIUM,insufficient_variant_identity_evidence,Evidence overlaps with the recalled product family (Fabuloso Multi-Purpose Cleaners) but lacks enough exact variant/identifier information for a confident entity decision.,Senior-review working annotation; not independent human gold,,,
INDEPENDENT_REVIEW,ER-0140,9663,23238,2023-07-06,VRURC portable chargers,VRURC Portable Chargers Recalled Due to Fire Hazard; Sold Exclusively on Amazon.com by VRURC; Caught Fire on Commercial Flight,"This recall involves VRURC portable chargers with model number ""OD-B7,"" which have built-in cables and a built-in wall plug. The model number is printed on the back of the recalled chargers, which were sold in black, blue, green, orange, pink, red and white color options.","[{""name"": ""The recalled portable chargers can ignite, posing a fire hazard."", ""hazard_type"": null, ""hazard_type_id"": null}]",[],"[{""name"": ""Exclusively at Amazon.com from July 2021 through May 2023 for between $30 and $40."", ""company_id"": null}]",https://www.cpsc.gov/Recalls/2023/VRURC-Portable-Chargers-Recalled-Due-to-Fire-Hazard-Sold-Exclusively-on-Amazon-com-by-VRURC-Caught-Fire-on-Commercial-Flight,20241017-952EB-2147335907,2023-09-04,2024-11-05,VRURC portable chargers,,,Portable charger,Smoked and burnt,,"Shenzhen ChuangliJiacheng Technology Co., Ltd.",Amazon,,,,,,,0,3,0.75,0.730159,1.0,0.75,1,0,0,"[""shared_2plus_product_tokens""]",top_ranked_non_upc_candidate,incident_on_or_after_recall,high,high,unlabeled,,,UNCERTAIN,MEDIUM,insufficient_variant_identity_evidence,Evidence overlaps with the recalled product family (VRURC portable chargers) but lacks enough exact variant/identifier information for a confident entity decision.,Senior-review working annotation; not independent human gold,,,
INDEPENDENT_REVIEW,ER-0147,9696,23269,2023-08-31,Frigidaire Stainless-Steel 30-inch 4 Burner and 36-inch 5 Burner Gas Cooktops,"Electrolux Group Recalls Frigidaire Gas Cooktops Due to Risk of Gas Leak, Fire Hazard","This recall involves all Frigidaire Stainless-Steel 30-inch 4 Burner Gas Cooktops (model FFGC3026SS) and Frigidaire Stainless-Steel 36-inch 5 Burner Gas Cooktops (model FFGC3626SS) with control knobs with black shafts. The model number and serial number are located on a label on the underside of the unit. The cooktops have ""FRIGIDAIRE"" on the front, lower left corner. The following serial numbers are included in this recall: Model Numbers Serial Numbers FFGC3026SS 1F00590006 through 1F11090155 3F53705075 through 3F01309052 FFGC3626SS 1F00590020 through 1F10390342 3F53703455 through 3F00806110 To determine whether their cooktop is included in the recall, consumers should visit www.cooktopknobrecall.com and input the model and serial number.","[{""name"": ""Plastic control knobs with a black shaft on the cooktop can crack or break during use, posing a risk of gas leak, fire hazard."", ""hazard_type"": null, ""hazard_type_id"": null}]","[{""name"": ""Electrolux Home Products Inc., of Charlotte, North Carolina"", ""company_id"": null}]","[{""name"": ""Lowe's, The Home Depot, and other independent appliance stores nationwide from March 2016 through April 2022 for about $1,000."", ""company_id"": null}]",https://www.cpsc.gov/Recalls/2023/Electrolux-Group-Recalls-Frigidaire-Gas-Cooktops-Due-to-Risk-of-Gas-Leak-Fire-Hazard,20200401-7A4FD-2147373110,2020-01-15,2020-04-23,Frigidaire,Frigidaire FFGC3626SSE,,"Frigidaire 5 burner stainless steel 36"" gas cooktop.  Model FFGC3626SSE
Serial # #F91203258

Model FFGC3626SSE","We installed a Frigidaire 5 burner LP cooktop, model FFGC3626SSE,  in our new home October 23, 2019 and began using the cooktop November 1, 2019.  After a month of use we noticed that the stems of the plastic control knobs were cracking.  Upon further inspection, we noted that all 5 control knobs were cracked to a degree.  The problem became so serious that the metal clip inside the plastic stem was no longer held in place and would spin independently of the knob.  My wife called me at work around January 15, 2020 because she could not get a burner to turn off due to the control knob spinning freely.  The plastic stem held long enough to turn the burner on but failed when my wife attempted to shut the burner down.  Had the knob been turned past the ignition position allowing gas to flow without igniting and then failed, the result could have been an explosion.  As a stopgap, I tightly wound the plastic stems with electrical tape to control the cracking and then called Frigidaire customer service.  Frigidaire agreed to send 5 new control knobs which were the same style as the original.  We received a package of the new burner knobs around January 25, 2020 (the packing label was dated 1/23/20) and began replacing the knobs that were critical.  Within a couple of weeks, the new knobs began to crack as well",,ELECTROLUX/WHITE CONSOLIDATED,Big Sandy Super Store,,2019-07-30,,,,,0,5,0.454545,0.392523,0.714286,0.555556,1,0,0,"[""shared_2plus_product_tokens""]",top_ranked_non_upc_candidate,pre_recall_public,low,high,unlabeled,,,UNCERTAIN,MEDIUM,insufficient_variant_identity_evidence,Evidence overlaps with the recalled product family (Frigidaire Stainless-Steel 30-inch 4 Burner and 36-inch 5 Burner Gas Cooktops) but lacks enough exact variant/identifier information for a confident entity decision.,Senior-review working annotation; not independent human gold,,,
INDEPENDENT_REVIEW,ER-0028,8928,21017,2020-10-29,Mueller Austria Onion Chopper Pro,Mueller Austria Recalls Onion Choppers Due to Serious Laceration Hazard,"This recall involves models of the Mueller Austria Onion Chopper Pro, model number M-700. The gray and green choppers come with two stainless steel discs, 4-cup clear container and cleaning brush. Only onion choppers that have a locking tab that can be pushed towards the blades in order to properly lock into place are included in this recall. The Mueller Austria logo is printed on the side of the chopper. The model number is located on the product itself or on the chopper's packaging.","[{""name"": ""The product's locking tab can detach from the rest of the unit during use, causing hands and fingers to slide into the blades."", ""hazard_type"": null, ""hazard_type_id"": null}]",[],"[{""name"": ""Online at Amazon.com from September 2016 through July 2020 for about $20."", ""company_id"": null}]",https://www.cpsc.gov/Recalls/2021/Mueller-Austria-Recalls-Onion-Choppers-Due-to-Serious-Laceration-Hazard,20201031-2473C-2029035,2020-04-16,2020-12-23,Mueller Austria Onion Chopper Pro,,,Onion Chopper,My hand slept and I cut my fingers,,RAPID MEDICAL INC dba Mueller Co,amazon,,2019-07-06,,,,,0,5,1.0,0.825,1.0,1.0,1,0,0,"[""shared_2plus_product_tokens""]",top_ranked_non_upc_candidate,pre_incident_published_after_recall,high,high,unlabeled,,,MATCH,MEDIUM,explicit_model_or_product_alignment,Brand/product description is sufficiently specific and consistent with the recalled product: Mueller Austria Onion Chopper Pro.,Senior-review working annotation; not independent human gold,0.9125,,
INDEPENDENT_REVIEW,ER-0061,9109,21768,2021-07-27,Removable Foam Facial Interfaces for Oculus Quest 2 Virtual Reality Headsets,Facebook Technologies Recalls Removable Foam Facial Interfaces for Oculus Quest 2 Virtual Reality Headsets Due to Skin Irritation Hazard (Recall Alert),"This recall involves Oculus Quest 2 Virtual Reality Headsets removable foam facial interfaces, included with a purchase of Oculus Quest 2 Headsets, and sold separately as a ""Quest 2 Standard Facial Interface"" or in a ""Quest 2 Fit Pack."" Only headsets with the SKUs in the table below or the serial numbers identified below are included in the recall. The SKU and serial number are located on a label on the retail packaging of the headset. Additionally, the serial number can be found on the user's account, on the Oculus app or on the headset. For instructions on locating the headset serial number consumers should go to https://support.oculus.com/articles/getting-started/getting-started-with-quest-2/serial-numbers-quest-2/. Product Description SKU Oculus Quest 2, 64 GB, US/TW, Type-A 301-00350-01 Oculus Quest 2, 256 GB, US/TW, Type-A 301-00351-01 Oculus Quest 2, Accy, Standard Facial Interface, Global 301-00409-01 Oculus Quest 2, Accy, Fit Pack, Global 301-00374-01 Oculus Quest 2, Enterprise, 256 GB, US/CA/TW, Type-A 301-00402-01 Affected headset serial numbers Headset serial numbers that start with ""1WMHH"" and end with a number below ""1264"" The foam interface is black in color and is attached to the Oculus Quest 2 headset, and is the interface between the headset and the user's face. Unit numbers above include facial interfaces manufactured for sale with headsets and to be sold separately, as well as warranty replacements. For additional information visit the Oculus blog at https://www.oculus.com/community-letter/.","[{""name"": ""The foam facial interfaces can cause facial skin irritation and reactions including rashes, swelling, burning, itching, hives, and bumps."", ""hazard_type"": null, ""hazard_type_id"": null}]",[],"[{""name"": ""BestBuy, GameStop, Target, Walmart, and other retailers, and online at Oculus.com, Amazon.com, BestBuy.com, Gamestop.com, Target.com, and Walmart.com between October 2020 and July 2021. The foam facial interfaces which were included with headsets sold for between $300 and $400, depending on the model; about $20 for a facial interface sold individually; and about $40 as part of a Fit Pack."", ""company_id"": null}]",https://www.cpsc.gov/Recalls/2021/Facebook-Technologies-Recalls-Removable-Foam-Facial-Interfaces-for-Oculus-Quest-2-Virtual-Reality-Headsets-Due-to-Skin-Irritation-Hazard-Recall-Alert,20210729-575E8-2147361515,2021-05-21,2021-08-16,Oculus Quest 2,KW49CM,20849-M6KR,Removable Foam Facial Interfaces for Oculus Quest 2 Virtual Reality Headsets,A rash developed on my kids’ faces,,"Facebook Technologies, LLC",Amazon,,2021-03-27,,,,,0,9,0.9,0.873563,1.0,0.9,1,0,0,"[""shared_2plus_product_tokens""]",top_ranked_non_upc_candidate,pre_incident_published_after_recall,high,high,unlabeled,,,MATCH,MEDIUM,explicit_model_or_product_alignment,Incident product identifies a compatible model/variant for the recalled product: KW49CM.,Senior-review working annotation; not independent human gold,0.8867815,,
INDEPENDENT_REVIEW,ER-0063,9112,21173,2021-07-29,Generac® and DR® 6500 Watt and 8000 Watt portable generators,Generac Recalls Portable Generators Due to Finger Amputation and Crushing Hazards,"This recall involves 6500 watt and 8000 watt Generac portable generators with unit type numbers XT8000E, XT8000EFI, GP6500, GP6500E, GP8000E and HomeLink 6500E portable generators, and DR models PRO 6500M and PRO 6500E portable generators. The generators have gasoline-powered engines that are used to generate electricity for use as backup power. The portable generators have two-wheels and a single, U-shaped, two-grip, flip-up pin-lock handle to help move the generator. Only the generators listed below are included in this recall. The unit type is identified on the front of the product. The model and serial numbers are printed on a label on the product. Consumers can also check specific unit type, model number, and serial number location information at www.generac.com/service-support/product-support-lookup Unit Type Model Number First Serial Number Last Serial Number XT8000E G0064330 G0064331 3000037849 3005569372 G0064340 G0064342 XT8000EFI G0071620 G0071621 3003336356 3006597843 G0071621R GP6500 G0076720 G0076800 G0076800R G0076812 G0076830 G0076830R G0076902 G0076902R G0076903 GP6500E G0076820 G0076820R G0076822 GP8000E G0076731 G0076751 G0076751R G0076761 G0076761R G0076861 G0076861R PRO 6500M GP16505DMN GP16505DMNR PRO 6500E GP16505DEN HomeLink 6500E G0068650 G0068651 G0079960","[{""name"": ""An unlocked handle can pinch consumers' fingers against the generator frame when the generator is moved, posing finger amputation and crushing hazards."", ""hazard_type"": null, ""hazard_type_id"": null}]","[{""name"": ""Generac Power Systems, of Waukesha, Wis."", ""company_id"": null}]","[{""name"": ""Major home improvement and hardware stores nationwide and online, including Ace Hardware, Amazon, Blain's Farm & Fleet, City Electric Supply, Costco, Do it Best, Fastenal, Home Depot, Lowe's Stores, Napa Auto Parts, Northern Tool & Equipment, Orgill, Power Equipment Direct, Ravitsky Bros., True Value, and W.W. Grainger from June 2013 through June 2021 for between $790 and $1,480."", ""company_id"": null}]",https://www.cpsc.gov/Recalls/2021/Generac-Recalls-Portable-Generators-Due-to-Finger-Amputation-and-Crushing-Hazards,20221220-8075F-2147351960,2022-09-22,2023-01-10,Generac,XT8000E,,Generac® and DR® 6500 Watt and 8000-Watt portable generators,"I purchased Generac Portable Generators, which is recalled last year because of due to Finger Amputation and Crushing Hazards.  I called Generac recall customer support on September 2022, and they informed will send a replacement handle, I still have not received any new replacement handle or any answers.  I also cut my finger near the handle recently.   Hope they do any reaction for recall.",,"GENERAC POWER SYSTEMS, INC.",,,,,,,,0,6,0.857143,0.878788,1.0,0.857143,1,0,0,"[""shared_2plus_product_tokens""]",top_ranked_non_upc_candidate,incident_on_or_after_recall,high,high,unlabeled,,,MATCH,MEDIUM,explicit_model_or_product_alignment,Incident product identifies a compatible model/variant for the recalled product: XT8000E.,Senior-review working annotation; not independent human gold,0.8679655,,
INDEPENDENT_REVIEW,ER-0105,9449,23040,2022-11-10,Generac® and DR® 6500 Watt and 8000-Watt portable generators,CPSC Reannounces Recall of Generac Portable Generators; Additional Finger Amputation and Crushing Injury Reported; New Repair Kit Available,"This recall involves 6500-watt and 8000-watt Generac portable generators with unit type numbers XT8000E XT8000EFI, GP6500, GP6500E, GP8000E and HomeLink 6500E portable generators, and DR models PRO 6500M and PRO 6500E portable generators. This recall also involves all of these generators listed above purchased after July 29, 2021 through November 3, 2022, containing a repair kit which included full cover handle guards. The generators have gasoline-powered engines that are used to generate electricity for use as backup power. The portable generators have two-wheels and a single, U-shaped, two-grip, flip-up pin-lock handle to help move the generator. Only the following generators are included in this recall. The unit type is identified on the front of the product. The model and serial numbers are printed on a label on the product. Consumers can also check specific unit type, model number, and serial number location information at www.generac.com/service-support/product-support-lookup. Unit Type Model Number First Serial Number Last Serial Number XT8000E G0064330 G0064331 3000037849 3005569372 G0064340 G0064342 XT8000EFI G0071620 G0071621 3003336356 3006597843 G0071621R GP6500 G0076720 G0076800 G0076800R G0076812 G0076830 G0076830R G0076902 G0076902R G0076903 GP6500E G0076820 G0076820R G0076822 GP8000E G0076731 G0076751 G0076751R G0076761 G0076761R G0076861 G0076861R PRO 6500M GP16505DMN GP16505DMNR PRO 6500E GP16505DEN HomeLink 6500E G0068650 G0068651 G0079960","[{""name"": ""An unlocked handle can pinch consumers' fingers against the generator frame when the generator is moved, posing finger amputation and crushing hazards."", ""hazard_type"": null, ""hazard_type_id"": null}]","[{""name"": ""Generac Power Systems, of Waukesha, Wisconsin"", ""company_id"": null}]","[{""name"": ""Major home improvement and hardware stores nationwide and online, including Ace Hardware, Amazon, Blain's Farm &amp; Fleet, City Electric Supply, Costco, Do it Best, Fastenal, Home Depot, Lowe's Stores, Napa Auto Parts, Northern Tool & Equipment, Orgill, Power Equipment Direct, Ravitsky Bros., True Value, and W.W. Grainger from June 2013 through June 2021 for between $790 and $1,480."", ""company_id"": null}]",https://www.cpsc.gov/Recalls/2023/CPSC-Reannounces-Recall-of-Generac-Portable-Generators-Additional-Finger-Amputation-and-Crushing-Injury-Reported-New-Repair-Kit-Available,20221220-8075F-2147351960,2022-09-22,2023-01-10,Generac,XT8000E,,Generac® and DR® 6500 Watt and 8000-Watt portable generators,"I purchased Generac Portable Generators, which is recalled last year because of due to Finger Amputation and Crushing Hazards.  I called Generac recall customer support on September 2022, and they informed will send a replacement handle, I still have not received any new replacement handle or any answers.  I also cut my finger near the handle recently.   Hope they do any reaction for recall.",,"GENERAC POWER SYSTEMS, INC.",,,,,,,,0,6,0.857143,0.878788,1.0,0.857143,1,0,0,"[""shared_2plus_product_tokens""]",top_ranked_non_upc_candidate,pre_incident_published_after_recall,high,high,unlabeled,,,MATCH,MEDIUM,explicit_model_or_product_alignment,Incident product identifies a compatible model/variant for the recalled product: XT8000E.,Senior-review working annotation; not independent human gold,0.8679655,,
INDEPENDENT_REVIEW,ER-0029,8928,21017,2020-10-29,Mueller Austria Onion Chopper Pro,Mueller Austria Recalls Onion Choppers Due to Serious Laceration Hazard,"This recall involves models of the Mueller Austria Onion Chopper Pro, model number M-700. The gray and green choppers come with two stainless steel discs, 4-cup clear container and cleaning brush. Only onion choppers that have a locking tab that can be pushed towards the blades in order to properly lock into place are included in this recall. The Mueller Austria logo is printed on the side of the chopper. The model number is located on the product itself or on the chopper's packaging.","[{""name"": ""The product's locking tab can detach from the rest of the unit during use, causing hands and fingers to slide into the blades."", ""hazard_type"": null, ""hazard_type_id"": null}]",[],"[{""name"": ""Online at Amazon.com from September 2016 through July 2020 for about $20."", ""company_id"": null}]",https://www.cpsc.gov/Recalls/2021/Mueller-Austria-Recalls-Onion-Choppers-Due-to-Serious-Laceration-Hazard,20201102-7678B-2030192,2020-04-18,2020-12-23,Mueller,Onion Chopper Pro,,Mueller Austria onion chopper pro,As I was trying to attach the blade the  locking tab came  detach from the rest of the unit causing my finger to slide into the blades. I got a very seriously deep cut and assumed it was user error and never reported it.,,RAPID MEDICAL INC dba Mueller Co,Amazon,,2019-09-28,,,,,0,5,1.0,0.717391,1.0,1.0,1,1,0,"[""shared_2plus_product_tokens""]",top_ranked_non_upc_candidate,pre_incident_published_after_recall,high,high,unlabeled,,,MATCH,HIGH,explicit_model_or_product_alignment,Incident brand/model evidence is consistent with the recalled product: Mueller / Onion Chopper Pro.,Senior-review working annotation; not independent human gold,0.8586955000000001,,
INDEPENDENT_REVIEW,ER-0067,9134,21189,2021-08-25,Hovertrax 2.0 Self-Balancing Scooters/Hoverboards with GLW Battery Packs,Razor USA Recalls GLW Battery Packs Sold with Hovertrax 2.0 Self-Balancing Hoverboards Due to Fire Hazard,"This recall involves the removable GLW battery packs installed in UL-Listed Hovertrax 2.0 brand self-balancing scooters/hoverboards manufactured between September 2016 and August 2017. GLW's battery packs were certified as compliant with ANSI/UL Standard 2271 by UL. Hovertrax hoverboards have two wheels at either end of articulated dual platforms and are powered by GLW battery packs. The battery packs have the name GLW written in large letters on the packs themselves. The battery packs have serial numbers beginning with GLW, which is printed on a white sticker on the top of the battery pack, below the bar code. Hovertrax 2.0 is printed on the front of the hoverboard. The hoverboards were sold in black, black monochrome, blue, green, red, red monochrome, white, rose gold, camouflage, ocean blue, purple colors, and three multicolor patterns called Spectrum, Galaxy and Carbon.","[{""name"": ""The lithium-ion GLW battery packs in the self-balancing scooters/hoverboards can overheat, posing a risk of the products smoking, catching fire and/or exploding."", ""hazard_type"": null, ""hazard_type_id"": null}]",[],"[{""name"": ""Walmart, Target, Toys R Us and other stores nationwide and online at Walmart.com, Amazon.com and other websites from September 2016 through 2018 for about $460."", ""company_id"": null}]",https://www.cpsc.gov/Recalls/2021/Razor-USA-Recalls-GLW-Battery-Packs-Sold-with-Hovertrax-2-0-Self-Balancing-Hoverboards-Due-to-Fire-Hazard,20210826-F5FB6-2147360882,2021-08-25,2021-09-15,Razor,Hovertrax 2.0,,This is the Hovertrax 2.0 Self-Balancing Scooters/Hoverboards with GLW Battery Packs,The razor started putting off smoke while it was charging in the house. We had to unplug it and remove it from the home. I am thankful that we were home because if it had continued it would have turned to fire. The razor is not operable due to this incident.,,Razor USA LLC,,,,,,,,0,8,0.888889,0.818182,1.0,0.888889,0,1,0,"[""shared_2plus_product_tokens""]",top_ranked_non_upc_candidate,incident_on_or_after_recall,high,high,unlabeled,,,MATCH,HIGH,explicit_model_or_product_alignment,Incident brand/model evidence is consistent with the recalled product: Razor / Hovertrax 2.0.,Senior-review working annotation; not independent human gold,0.8535355,,
INDEPENDENT_REVIEW,ER-0138,9637,23212,2023-06-01,EGO Power+ Model HT2410 Cordless Brushless Hedge Trimmers,Chervon North America Recalls EGO Power+ Cordless Brushless Hedge Trimmers Due to Laceration Hazard,"This recall involves EGO Power+ Model HT2410 Cordless Brushless Hedge Trimmers that were manufactured prior to March 30, 2019. The hedge trimmers have a gray, black and green housing, yellow, 24-inch dual-action steel blade, a black loop handle with a green switch trigger in front of the product housing, and rear switch trigger underneath the rear handle. The EGO logo is displayed on one side of the product housing, and the model number HT2410 and manufacturing date code are displayed on the opposite side. Only units with date codes from September 2017 through March 2019 are included in this recall. The hedge trimmers are powered by a removable battery and were sold as a bare tool with no battery, or in a combination kit which included EGO POWER+ 2.5 Ah battery and a POWER+ 56-volt charger. All units are marked with the model number HT2410.","[{""name"": ""The rear switch trigger can fail to rebound after being pressed, which can cause the unit to activate unexpectedly, posing a laceration hazard."", ""hazard_type"": null, ""hazard_type_id"": null}]",[],"[{""name"": ""Home improvement stores, hardware stores and authorized dealers and distributors nationwide and online at Acehardware.com, Acmetools.com and Homedepot.com from September 2017 through March 2020 for between $150 and $220."", ""company_id"": null}]",https://www.cpsc.gov/Recalls/2023/Chervon-North-America-Recalls-EGO-Power-Cordless-Brushless-Hedge-Trimmers-Due-to-Laceration-Hazard,20230829-62CF1-2147345492,2023-08-24,2023-09-15,EGO Power,HT2410 Cordless Brushless Hedge Trimmers,,EGO Power+ Model HT2410 Cordless Brushless Hedge Trimmers,"EGO Power+ Model HT2410 Cordless Brushless Hedge Trimmers

This product started unexpectedly and my wife got sharp cuts in legs and thigh.",,Chervon Group NA,Amazon.com,,2023-05-20,2023-03-01,,,,0,7,1.0,0.687117,1.0,1.0,1,1,0,"[""shared_2plus_product_tokens""]",top_ranked_non_upc_candidate,incident_on_or_after_recall,medium,high,unlabeled,,,MATCH,HIGH,explicit_model_or_product_alignment,Incident brand/model evidence is consistent with the recalled product: EGO Power / HT2410 Cordless Brushless Hedge Trimmers.,Senior-review working annotation; not independent human gold,0.8435585,,
INDEPENDENT_REVIEW,ER-0058,9098,21762,2021-07-08,SOWTECH Espresso Machines with Glass Carafes,LoHi Tech Recalls SOWTECH Espresso Machines Due to Burn Hazard (Recall Alert),"This recall involves SOWTECH Espresso Machines with model number CM6811. They are black and were sold with a glass carafe. ""SOWTECH"" is printed in large black type on the metal front panel and ""Model CM6811"" is printed on a silver label on the bottom of the machine.","[{""name"": ""The glass carafe can break while in use, posing a burn hazard to consumers."", ""hazard_type"": null, ""hazard_type_id"": null}]",[],"[{""name"": ""Online at Amazon.com and lohi-direct.com from March 2017 through October 2020 for about $60."", ""company_id"": null}]",https://www.cpsc.gov/Recalls/2021/LoHi-Tech-Recalls-SOWTECH-Espresso-Machines-Due-to-Burn-Hazard-Recall-Alert,20210709-3257F-2147363000,2021-04-10,2021-07-28,Sowtech,Model CM6811,Not sure,SOWTECH Espresso Machines with Glass Carafes,My two teenagers were making an espresso like they did most days.  Somehow there was too much steam pressure in the hot water area and it shot out and broke the glass carafe.  We threw the whole thing away since the glass broke and we thought it was dangerous.  We purchased a more trusted brand of single serve coffee instead to replace it.  Luckily my kids did not get hurt by the accident.,,LoHi Tech Inc,Amazon,,2020-12-01,2020-10-01,,,,0,5,0.833333,0.807339,1.0,0.833333,1,0,0,"[""shared_2plus_product_tokens""]",top_ranked_non_upc_candidate,pre_incident_published_after_recall,high,high,unlabeled,,,MATCH,MEDIUM,explicit_model_or_product_alignment,Incident product identifies a compatible model/variant for the recalled product: Model CM6811.,Senior-review working annotation; not independent human gold,0.820336,,
INDEPENDENT_REVIEW,ER-0057,9082,21150,2021-06-09,Klein Tools Non-Contact Voltage Tester Model NCVT-1,Non-Contact Voltage Testers Recalled by Klein Tools Due to Shock Hazard,"This recall involves Klein Tools Non-Contact Voltage Testers with model numbers NCVT1 and date codes ending H7. The product was also sold separately and in kits. The following model numbers are involved in the recall, all bearing date codes ending in H7. Model Number Description Retail Price (U.S. $) NCVT1 Non-Contact Voltage Tester 16.97 NCVT1SEN Non-Contact Voltage Tester with Sensormatic Tag 16.97 NCVT1EP Non-Contact Voltage Tester (Econo. Pack - Bubble Bag) 16.97 NCVT1A Non-Contact Voltage Tester (Asian Packaging) 16.97 NCVT1E Non-Contact Voltage Tester (European Packaging) 16.97 69149 KIT, 3PC, Multimeter Test Kit (Retail Clam Shell) 39.97 80018 KIT, 4PC, Residential Electrical Tool Kit (Poly-Bag & UPC Label) 49.99 80023 KIT, 3PC, Home Inspector Moisture Meter Kit, (Poly-Bag & UPC Label) 59.99 MPZ00001 KIT, 2PC, Pliers + NCVT1 Tester (Clam Shell) 51.72 MPZ00052R KIT, 3PC, Stripper/Cutter + NCVT1 Tester + RT210 GFCI Tester (Retail Clam Shell) 67.42 The meters have a yellow body housing with a tinted gray tip and have a black pocket clip/battery cap on the back. The part/model numbers are written on the top of each unit above the brand name KLEIN TOOLS and date codes are printed on the bottom of the unit under the brand name. The product is rated CAT IV and measures voltage up to 1,000 Volts.","[{""name"": ""The on/off button can remain depressed during the power on or power off cycle, causing the tester to work improperly. Consumers testing electrical sources could fail to be warned of the presence of live voltage if the tester is not properly operating, posing a shock hazard to the users."", ""hazard_type"": null, ""hazard_type_id"": null}]",[],"[{""name"": ""The Home Depot stores and industrial distributors, electrical wholesalers and some hardware stores nationwide from January 2020 through March 2021 for about $17 (for units sold separately) and about $40-$68 (for kits)."", ""company_id"": null}]",https://www.cpsc.gov/Recalls/2021/Non-Contact-Voltage-Testers-Recalled-by-Klein-Tools-Due-to-Shock-Hazard,20210630-64C4C-2147363196,2021-06-30,2021-07-26,Klein Tools,NCVT-1,,No Contact Voltage Tester,"The on/off button does not function properly, comes on by itself and goes off during use.  Constantly need to check to verify status, will go off during use,  while it does have an auto off function, is not it does not work in a predictable pattern.  it is a NCVT-1 date code 07158-G6  this has been an ongoing issue but is becoming more unpredictable",,KLEIN TOOLS INC,Home Depot,,2020-07-20,,,,,0,6,0.857143,0.778947,0.857143,1.0,1,1,0,"[""shared_2plus_product_tokens""]",top_ranked_non_upc_candidate,incident_on_or_after_recall,high,high,unlabeled,,,MATCH,HIGH,explicit_model_or_product_alignment,Incident brand/model evidence is consistent with the recalled product: Klein Tools / NCVT-1.,Senior-review working annotation; not independent human gold,0.8180449999999999,,
INDEPENDENT_REVIEW,ER-0064,9116,21175,2021-08-04,"LG Chem ""RESU10H"" Lithium-Ion Residential Energy Storage System Batteries",LG Energy Solution Michigan Recalls Home Energy Storage Batteries Due to Fire Hazard,This recall involves LG Chem Model RESU 10H lithium-ion storage batteries that were installed as part of a residential energy solar panel system. The recalled batteries allow owners to capture and store energy from the solar panels. The batteries are wall mounted and measure about 29 by 36 by 8 inches. They weigh roughly 220 pounds. The LG logo is located on the top left side of the front panel. The serial number of the recalled product begins with R15563P3 and is located behind the access door of the RESU home battery.,"[{""name"": ""The home batteries can overheat, posing a risk of fire and emission of harmful smoke."", ""hazard_type"": null, ""hazard_type_id"": null}]",[],"[{""name"": ""Various distributors of solar energy storage systems nationwide, including, but not limited to Sunrun, AEE Solar, Baywa, CED, Krannich, Independent Electric Supply, and Inter Island Solar Supply from January 2017 through April 2019 for about $8,000."", ""company_id"": null}]",https://www.cpsc.gov/Recalls/2021/LG-Energy-Solution-Michigan-Recalls-Home-Energy-Storage-Batteries-Due-to-Fire-Hazard-0,20211001-84F99-2147359334,2021-09-23,2021-10-21,LG,Resu 10H R15563P3SSEG,,LG Chem “RESU10H” Lithium-Ion Residential Energy Storage System Batteries,"The whole-home battery pack is inflating and cracking open, built-in safety fuses already blew rendering it inoperable and it has continued to inflate.",,LG Chem Michigan Inc.,,,,,,,,0,9,0.75,0.850299,1.0,0.75,1,0,0,"[""shared_2plus_product_tokens""]",top_ranked_non_upc_candidate,incident_on_or_after_recall,high,high,unlabeled,,,MATCH,MEDIUM,explicit_model_or_product_alignment,Incident product identifies a compatible model/variant for the recalled product: Resu 10H R15563P3SSEG.,Senior-review working annotation; not independent human gold,0.8001495000000001,,
INDEPENDENT_REVIEW,ER-0025,8908,20191,2020-09-23,Kobalt Brand 40-volt Lithium Ion Cordless Electric Chainsaws,Kobalt Cordless Electric Chainsaws Sold Exclusively at Lowe's Stores Recalled Due to Laceration Hazard; Distributed by Hongkong Sun Rise Trading,"This recall involves Kobalt brand 40-volt lithium ion 12-inch cordless electric chainsaws. Date codes from 11/01/13 to 03/31/20 are included in the recall. The chain saws are blue and black. ""Kobalt,"" ""40v max"" and ""12 in. 30 cm"" are printed on the chain saw. The model number and date code are printed on the label located in the rear handle. The UPC is located on the box. Description Model Number UPC Kobalt 40-volt Lithium-Ion 12-in Cordless Electric Chainsaw (Battery Included) KCS 120-07 84182102474-1 Kobalt 40-volt Lithium-Ion 12-in Cordless Electric Chainsaw (Battery Not Included) KCS 120 84182101749-1","[{""name"": ""The chainsaw can remain in the \""on\"" position, posing a laceration hazard to consumers."", ""hazard_type"": null, ""hazard_type_id"": null}]","[{""name"": ""Changzhou Globe Co. Ltd., of China"", ""company_id"": null}]","[{""name"": ""Lowe's Stores nationwide and online at Lowes.com from January 2014 through March 2020 for about $200."", ""company_id"": null}]",https://www.cpsc.gov/Recalls/2020/Kobalt-Cordless-Electric-Chainsaws-Sold-Exclusively-at-Lowes-Stores-Recalled-Due-to-Laceration-Hazard-Distributed-by-Hongkong-Sun-Rise-Trading,20211123-8BBE1-3502987,2020-09-28,2022-01-21,Kobalt,"40-volt  Lithium-Ion 12"" Cordless",,"Kobalt  40-volt  Lithium-Ion 12"" Cordless Electric Chainsaws","RE: Recall Number 20-191
Company is unresponsive- cannot remediate the problem

Dear US CPSC Representative:

I received the attached recall notice. As instructed, I called the phone number to look at remediation options. However, after 34 minutes on hold I gave up.

Next, I referenced their website address as instructed. However, after clicking the links it just instructed me to call the same number. I foolishly called again and now I have been on hold over one hour. This is completely unacceptable for a $200 chainsaw.

I need it to operate safely but I also cannot spend on unreasonable amount of time on hold. Then I sent them a fax but they have not responded.

The recall is completely worthless if the company is unresponsive and offers no reasonable way to contact them to fix their defective product.

Please apply pressure to make them actually honor their recall agreement.

Regrettably
[REDACTED]",,"LF, LLC",,,,,,,,0,7,0.875,0.692308,0.875,1.0,1,0,0,"[""shared_2plus_product_tokens""]",top_ranked_non_upc_candidate,incident_on_or_after_recall,medium,high,unlabeled,,,MATCH,MEDIUM,explicit_model_or_product_alignment,"Incident product identifies a compatible model/variant for the recalled product: 40-volt  Lithium-Ion 12"" Cordless.",Senior-review working annotation; not independent human gold,0.7836540000000001,,
INDEPENDENT_REVIEW,ER-0037,8971,21055,2020-12-16,"LG Chem ""RESU 10H"" Lithium-Ion Residential Energy Storage System",LG Energy Solution Michigan Recalls Home Energy Storage Batteries Due to Fire Hazard,This recall involves the LG Chem Model RESU 10H lithium-ion storage battery that is installed as part of a residential energy solar panel system. The recalled battery allows owners to capture and store energy from the solar panels. The batteries are wall mounted and measure 29.30 x 35.70 x 8.10 inches. They weigh roughly 220 pounds. The LG Chem logo is located on the top left side of the front panel. The serial number of the recalled product begins with R15563P3SSEG and is located behind the access door of the RESU 10H (Type-R) home battery.,"[{""name"": ""The home batteries can overheat, posing a risk of fire and emission of harmful smoke."", ""hazard_type"": null, ""hazard_type_id"": null}]",[],"[{""name"": ""Various distributors of solar energy storage systems nationwide, including, but not limited to Sunrun, AEE Solar, Baywa, CED, Krannich, Independent Electric Supply, and Inter Island Solar Supply, from January 2017 through March 2019 for about $8,000."", ""company_id"": null}]",https://www.cpsc.gov/Recalls/2021/LG-Energy-Solution-Michigan-Recalls-Home-Energy-Storage-Batteries-Due-to-Fire-Hazard,20211001-84F99-2147359334,2021-09-23,2021-10-21,LG,Resu 10H R15563P3SSEG,,LG Chem “RESU10H” Lithium-Ion Residential Energy Storage System Batteries,"The whole-home battery pack is inflating and cracking open, built-in safety fuses already blew rendering it inoperable and it has continued to inflate.",,LG Chem Michigan Inc.,,,,,,,,0,9,0.75,0.772152,1.0,0.75,1,0,0,"[""shared_2plus_product_tokens""]",top_ranked_non_upc_candidate,incident_on_or_after_recall,high,high,unlabeled,,,MATCH,MEDIUM,explicit_model_or_product_alignment,Incident product identifies a compatible model/variant for the recalled product: Resu 10H R15563P3SSEG.,Senior-review working annotation; not independent human gold,0.761076,,
INDEPENDENT_REVIEW,ER-0085,9282,22117,2022-04-14,GE-brand Free-Standing French Door Refrigerators in Fingerprint Resistant Stainless Steel,"GE Appliances, a Haier Company, Recalls Bottom Freezer, French Door Refrigerators Due to Fall Hazard","This recall involves six models of GE-brand French Door Refrigerators with bottom freezers in fingerprint resistant stainless steel, which were manufactured from February 2020 through August 2021. The brand name, model, and serial number for each unit are printed on a label located on the top of the left side of the interior of the refrigerator compartment. The refrigerators are 36 inches wide. The affected model numbers are GFE26JYMKFFS, GFE26JYMNFFS GNE27EYMKFFS, GNE27EYMNFFS, GNE27JYMKFFS, and GNE27JYMNFFS. The serial numbers for the affected models begin with one of the following two letter combinations: DR, FR, GR, HR, LR, MR, RR, SR, TR, VR, ZR, AS, DS, FS, GS, HS, LS, MS.","[{""name"": ""The freezer handle can detach when a consumer tries to open the freezer drawer, posing a fall hazard to the consumer."", ""hazard_type"": null, ""hazard_type_id"": null}]",[],"[{""name"": ""The Home Depot, Lowe's, Best Buy and other home improvement and home appliance stores nationwide and online at Lowes.com and BestBuy.com from February 2020 through January 2022 for between $1,900 and $2,500, depending on the model."", ""company_id"": null}]",https://www.cpsc.gov/Recalls/2022/GE-Appliances-a-Haier-Company-Recalls-Bottom-Freezer-French-Door-Refrigerators-Due-to-Fall-Hazard,20220427-CF312-2147356498,2022-04-23,2022-05-18,GE,GFE26JYMNFFS,,GE-brand Free-Standing French Door Refrigerators in Fingerprint Resistant Stainless Steel with bottom drawer freezer.,"The freezer handle on our new fridge/freezer unit comes off when pulling the door open. This has occurred to a few of our guests, as well as to our 3 year old daughter. When our adult guests pulled on the freezer drawer door, the handle came off into their hand, but no injury or accident occurred.  When my 3 year old daughter pulled on the handle, it came off as well, but the momentum sent her tumbling backwards and the handle flew behind her about 8 feet. She landed on her back, causing distress and fear. No substantial injury has occurred yet, but I anticipate that it will eventually. We received notice from GE that our unit may be part of a recall (#[REDACTED]) for this exact same reason. However,  after reviewing their information, our model is not included in the recall - but I believe it should be.",,"GE Appliances, a Haier company",Home Depot,,2021-07-03,,,,,0,10,0.714286,0.80543,1.0,0.714286,1,0,0,"[""shared_2plus_product_tokens""]",top_ranked_non_upc_candidate,incident_on_or_after_recall,high,high,unlabeled,,,MATCH,MEDIUM,explicit_model_or_product_alignment,Incident product identifies a compatible model/variant for the recalled product: GFE26JYMNFFS.,Senior-review working annotation; not independent human gold,0.7598579999999999,,
INDEPENDENT_REVIEW,ER-0059,9098,21762,2021-07-08,SOWTECH Espresso Machines with Glass Carafes,LoHi Tech Recalls SOWTECH Espresso Machines Due to Burn Hazard (Recall Alert),"This recall involves SOWTECH Espresso Machines with model number CM6811. They are black and were sold with a glass carafe. ""SOWTECH"" is printed in large black type on the metal front panel and ""Model CM6811"" is printed on a silver label on the bottom of the machine.","[{""name"": ""The glass carafe can break while in use, posing a burn hazard to consumers."", ""hazard_type"": null, ""hazard_type_id"": null}]",[],"[{""name"": ""Online at Amazon.com and lohi-direct.com from March 2017 through October 2020 for about $60."", ""company_id"": null}]",https://www.cpsc.gov/Recalls/2021/LoHi-Tech-Recalls-SOWTECH-Espresso-Machines-Due-to-Burn-Hazard-Recall-Alert,20210802-889EC-2147361422,2021-08-01,2021-08-19,SOWTECH,9134060348,B07FTWKJZY,"SOWTECH Espresso Machines with Glass Carafes, black",Was making my espresso and the glass shattered and I got burned.,,LoHi Tech Inc,Amazon,,2020-07-01,,,,,0,5,0.714286,0.778761,1.0,0.714286,1,0,0,"[""shared_2plus_product_tokens""]",top_ranked_non_upc_candidate,incident_on_or_after_recall,high,high,unlabeled,,,MATCH,MEDIUM,explicit_model_or_product_alignment,Incident product identifies a compatible model/variant for the recalled product: 9134060348.,Senior-review working annotation; not independent human gold,0.7465235,,
